Date,AAPL_Close,SP500_Close,AAPL_Return,SP500_Return,AAPL_21d_Volatility
2/3/2015,26.39366340637207,2050.030029296875,0.000168551,0.014439495293299576,0.3687388562570184
2/4/2015,26.596094131469727,2041.510009765625,0.007669671,-0.004156046,0.34954724959762173
2/5/2015,26.785919189453125,2062.52002,0.007137328,0.010291406686777416,0.3489331330666113
2/6/2015,26.560361862182617,2055.469970703125,-0.008420742,-0.003418172,0.3512474482342915
2/9/2015,26.736791610717773,2046.739990234375,0.006642596,-0.004247194,0.3298985044828022
2/10/2015,27.250436782836914,2068.590087890625,0.019211174609044646,0.010675561019232394,0.33409207057994567
2/11/2015,27.889162063598633,2068.530029296875,0.023439084145763234,-2.90E-05,0.32260250548165686
2/12/2015,28.242013931274414,2088.47998,0.012651935,0.009644506,0.32317734379136986
2/13/2015,28.380483627319336,2096.989990234375,0.004902968,0.004074738,0.3209231623900103
2/17/2015,28.54797935,2100.340087890625,0.005901793,0.001597574,0.29556864838415164
2/18/2015,28.746736526489258,2099.679931640625,0.006962215,-0.000314309,0.28941634125679877
2/19/2015,28.686447143554688,2097.449951171875,-0.00209726,-0.001062057,0.28593681093049333
2/20/2015,28.920934677124023,2110.300048828125,0.008174157,0.006126534,0.28592674872065266
2/23/2015,29.702579498291016,2109.659912109375,0.027026955729244184,-0.000303339,0.28673494659150794
2/24/2015,29.51721954345703,2115.47998,-0.006240534,0.002758771,0.2910397251598847
2/25/2015,28.76236915588379,2113.860107421875,-0.025573221,-0.000765724,0.3126828472687562
2/26/2015,29.126399993896484,2110.739990234375,0.012656496967956787,-0.001476028,0.2740035707459801
2/27/2015,28.688674926757812,2104.5,-0.015028464,-0.002956305,0.2248029940363289
3/2/2015,28.829364776611328,2117.389892578125,0.00490402,0.006124919,0.20447302290579913
3/3/2015,28.889665603637695,2107.780029296875,0.002091646,-0.004538542,0.19295588104905237
3/4/2015,28.706539154052734,2098.530029296875,-0.006338822,-0.004388503,0.1947155511425701
3/5/2015,28.23085594177246,2101.040039,-0.016570552,0.00119608,0.20719486111570415
3/6/2015,28.27328109741211,2071.260009765625,0.001502794,-0.014173947,0.20665319476607044
3/9/2015,28.393878936767578,2079.429931640625,0.004265435,0.003944421,0.20616708894759936
3/10/2015,27.806528091430664,2044.1600341796875,-0.020685826,-0.01696133,0.21862470839648124
3/11/2015,27.299575805664062,2040.239990234375,-0.018231413,-0.00191768,0.22909461906750878
3/12/2015,27.793132781982422,2065.949951171875,0.018079291,0.012601439566208406,0.22799755848712894
3/13/2015,27.601064682006836,2053.399902,-0.006910632,-0.006074711,0.2142506005117906
3/16/2015,27.904794692993164,2081.189941,0.011004286047861411,0.013533671171787054,0.21305787976949994
3/17/2015,28.371551513671875,2074.280029296875,0.016726761,-0.003320174,0.2206285581104923
3/18/2015,28.69091033935547,2099.5,0.011256304595457234,0.012158421402569175,0.22317472395341825
3/19/2015,28.47427749633789,2089.27002,-0.007550574,-0.004872579,0.2234046129954644
3/20/2015,28.116954803466797,2108.100098,-0.012548964,0.009012755,0.2273286271889896
3/23/2015,28.40951156616211,2104.419922,0.010404994592772887,-0.001745731,0.22857321226245528
3/24/2015,28.293380737304688,2091.5,-0.004087745,-0.006139422,0.2051418742343485
3/25/2015,27.554168701171875,2061.050048828125,-0.026126678,-0.014558906,0.22099191863019244
3/26/2015,27.746232986450195,2056.149902,0.006970426,-0.0023775,0.20780055242734238
3/27/2015,27.525136947631836,2061.02002,-0.007968507,0.002368561,0.2021402166533362
3/30/2015,28.221921920776367,2086.239990234375,0.025314496144749565,0.012236645187396533,0.21855832287880306
3/31/2015,27.788665771484375,2067.889892578125,-0.015351759,-0.008795775,0.22323895577961134
4/1/2015,27.748458862304688,2059.689941,-0.001446882,-0.003965371,0.2228268241577786
4/2/2015,27.987424850463867,2066.959961,0.008611865,0.003529667,0.2250175342192064
4/6/2015,28.44078826904297,2080.620117,0.016198825758404478,0.006608815,0.22528432160474876
4/7/2015,28.141530990600586,2076.330078,-0.010522116,-0.002061904,0.22840499614394172
4/8/2015,28.049957275390625,2081.899902,-0.003254042,0.002682533,0.2280693874055969
4/9/2015,28.264345169067383,2091.179931640625,0.007643074,0.004457481,0.2173075005387675
4/10/2015,28.384946823120117,2102.060059,0.004266918,0.005202865,0.20607897401614284
4/13/2015,28.329116821289062,2092.429931640625,-0.001966888,-0.004581281,0.19783076969399777
4/14/2015,28.206281661987305,2095.840087890625,-0.004336004,0.001629759,0.19673421648252534
4/15/2015,28.31347656,2106.629883,0.003800391,0.005148196,0.19372736138180738
4/16/2015,28.17724609,2104.989990234375,-0.004811506,-0.000778444,0.18556070637528604
4/17/2015,27.860124588012695,2081.179931640625,-0.011254524,-0.011311246,0.18433539788970293
4/20/2015,28.49660873413086,2100.399902,0.022845703511032545,0.009235132,0.20076099463057495
4/21/2015,28.342510223388672,2097.290039,-0.005407609,-0.001480605,0.19656607228542733
4/22/2015,28.724403381347656,2107.959961,0.013474217877986083,0.00508748,0.19879879
4/23/2015,28.95889663696289,2112.929931640625,0.008163555,0.002357716,0.19968713882088338
4/24/2015,29.09514045715332,2117.689941,0.004704731,0.002252801,0.17338849192879943
4/27/2015,29.624408721923828,2108.919922,0.018190951,-0.004141314,0.1810957614087334
4/28/2015,29.157670974731445,2114.760009765625,-0.015755175,0.002769232,0.18897603005189895
4/29/2015,28.728866577148438,2106.850098,-0.014706401,-0.003740336,0.17955595349216139
4/30/2015,27.949459075927734,2085.510009765625,-0.027129769,-0.010128907,0.19680259925172086
5/1/2015,28.79810333251953,2108.290039,0.030363531,0.010923001659165044,0.22234033239485607
5/4/2015,28.742273330688477,2114.489990234375,-0.001938669,0.002940749,0.22130658179112306
5/5/2015,28.094621658325195,2089.459961,-0.022533071,-0.011837384,0.2291191924073597
5/6/2015,27.91819953918457,2080.149902,-0.006279569,-0.004455725,0.22724082213011298
5/7/2015,28.090879440307617,2088,0.006185209,0.003773813,0.22803641562835392
5/8/2015,28.620136260986328,2116.100098,0.018840877581044246,0.013457901176364917,0.23582783407664218
5/11/2015,28.328594207763672,2105.330078,-0.010186606,-0.005089561,0.2383752051210827
5/12/2015,28.227672576904297,2099.120117,-0.003562536,-0.002949638,0.23860612952368976
5/13/2015,28.259077072143555,2098.47998,0.001112543,-0.000304955,0.23812284171420933
5/14/2015,28.918394088745117,2121.100098,0.023331158866879198,0.010779286625573148,0.2511053253700234
5/15/2015,28.87803077697754,2122.72998,-0.001395766,0.000768414,0.25036534677481626
5/18/2015,29.196483612060547,2129.199951171875,0.011027512143829687,0.003047948,0.2481885616453464
5/19/2015,29.169572830200195,2127.830078,-0.000921713,-0.000643375,0.23685527521277291
5/20/2015,29.167325973510742,2125.850098,-7.70E-05,-0.000930516,0.2356934111457452
5/21/2015,29.465585708618164,2130.820068359375,0.010225816908217666,0.002337874,0.23387068157674007
5/22/2015,29.723491668701172,2126.060059,0.008752786,-0.002233886,0.2340968218582279
5/26/2015,29.068649291992188,2104.199951171875,-0.022031139,-0.01028198,0.2472155475299056
5/27/2015,29.61136245727539,2123.47998,0.018670051,0.009162641,0.24766315206784797
5/28/2015,29.553056716918945,2120.790039,-0.001969033,-0.001266761,0.24106276491023126
5/29/2015,29.216672897338867,2107.389892578125,-0.01138237,-0.006318469,0.2386399378822888
6/1/2015,29.274961471557617,2111.72998,0.001995045,0.002059461,0.21575146056945493
6/2/2015,29.144899368286133,2109.600098,-0.004442776,-0.001008596,0.19096685295184807
6/3/2015,29.180774688720703,2114.070068359375,0.00123093,0.002118871,0.19074328341703567
6/4/2015,29.010339736938477,2095.840087890625,-0.005840659,-0.008623168,0.17296188009557212
6/5/2015,28.851116180419922,2092.830078,-0.005488511,-0.001436183,0.17252984021552384
6/8/2015,28.66049575805664,2079.280029296875,-0.006607038,-0.00647451,0.17395231715210532
6/9/2015,28.575275421142578,2080.149902,-0.002973443,0.000418353,0.16177036434435274
6/10/2015,28.90269660949707,2105.199951171875,0.011458199,0.012042424827124476,0.16201600213471365
6/11/2015,28.837661743164062,2108.860107421875,-0.002250131,0.001738626,0.16161306413709622
6/12/2015,28.519214630126953,2094.110107421875,-0.011042751,-0.0069943,0.16696736328740322
6/15/2015,28.463151931762695,2084.429931640625,-0.001965787,-0.004622572,0.14489941876846313
6/16/2015,28.615642547607422,2096.290039,0.005357475,0.005689857,0.14638089543342467
6/17/2015,28.548368453979492,2100.439941,-0.002350955,0.001979641,0.14044407967789485
6/18/2015,28.67844009399414,2121.239990234375,0.004556185,0.009902711,0.14177350787193943
6/19/2015,28.391382217407227,2109.989990234375,-0.010009536,-0.005303502,0.14529305752557028
6/22/2015,28.617881774902344,2122.850098,0.007977757,0.006094867,0.14325147188106918
6/23/2015,28.487821578979492,2124.199951171875,-0.004544718,0.000635869,0.13877089866590536
6/24/2015,28.730022430419922,2108.580078,0.008501908,-0.007353297,0.12255302693862352
6/25/2015,28.593217849731445,2102.310059,-0.004761729,-0.002973574,0.10134514483057348
6/26/2015,28.42502212524414,2101.489990234375,-0.005882364,-0.00039008,0.10240376248369074
6/29/2015,27.92717170715332,2057.639892578125,-0.017514513,-0.020866194,0.11141650227171875
6/30/2015,28.128999710083008,2063.110107421875,0.00722694,0.00265849,0.11526117627987505
7/1/2015,28.391382217407227,2077.419922,0.009327829,0.00693604,0.12111758401478849
7/2/2015,28.35550308227539,2076.780029296875,-0.001263733,-0.000308023,0.12078967443334795
7/6/2015,28.25682830810547,2068.760009765625,-0.003479916,-0.003861757,0.11995470998969675
7/7/2015,28.187307357788086,2081.340087890625,-0.002460324,0.006080975,0.11905391869459729
7/8/2015,27.487611770629883,2046.6800537109375,-0.024823073,-0.016652749,0.14384862012256489
7/9/2015,26.926965713500977,2051.310059,-0.020396318,0.002262203,0.15743300184117726
7/10/2015,27.646841049194336,2076.620117,0.026734365,0.012338485100151564,0.18184023793112833
7/13/2015,28.180580139160156,2099.600098,0.019305608514770034,0.011066049239604414,0.19629901989873422
7/14/2015,28.16936492919922,2108.949951171875,-0.000397977,0.004453159,0.19288746318076727
7/15/2015,28.44072151184082,2107.399902,0.009633039,-0.000734986,0.19595045742320338
7/16/2015,28.81971549987793,2124.290039,0.013325751524247531,0.00801468,0.20056732006707922
7/17/2015,29.068649291992188,2126.639892578125,0.008637621,0.001106183,0.20226332134590372
7/20/2015,29.61809539794922,2128.280029296875,0.018901673085594428,0.000771234,0.21139549101798244
7/21/2015,29.322065353393555,2119.209961,-0.009994905,-0.004261689,0.2113853543053686
7/22/2015,28.081905364990234,2114.149902,-0.042294428,-0.00238771,0.25876414618593746
7/23/2015,28.068449020385742,2102.149902,-0.000479182,-0.00567604,0.2584003505179494
7/24/2015,27.920438766479492,2079.649902,-0.00527319,-0.010703328,0.2567013635843054
7/27/2015,27.532461166381836,2067.639892578125,-0.013895827,-0.005775015,0.26020879842120953
7/28/2015,27.66926383972168,2093.25,0.004968777,0.012386154626733425,0.2607098542317829
7/29/2015,27.581806182861328,2108.570068359375,-0.003160823,0.007318795,0.2540153073591319
7/30/2015,27.442760467529297,2108.629883,-0.005041211,2.836730636679441e-05,0.2528843135232955
7/31/2015,27.202800750732422,2103.840087890625,-0.008744008,-0.00227152,0.25128021790836835
8/3/2015,26.56141471862793,2098.040039,-0.023577941,-0.002756887,0.26220424936932735
8/4/2015,25.709224700927734,2093.320068359375,-0.032083759,-0.002249705,0.2809482126829302
8/5/2015,25.879663467407227,2099.840087890625,0.006629479,0.003114679,0.2834672756406757
8/6/2015,25.93597984313965,2083.560059,0.002176086,-0.007752985,0.2736231511460941
8/7/2015,26.023839950561523,2077.570068359375,0.003387576,-0.002874882,0.26646502105174746
8/10/2015,26.970001220703125,2104.179931640625,0.036357481,0.012808166466444781,0.2809960852120408
8/11/2015,25.566524505615234,2084.070068359375,-0.052038437,-0.009557102,0.32168080037145663
8/12/2015,25.960765838623047,2086.050048828125,0.015420216108029239,0.000950055,0.32876604140008403
8/13/2015,25.940494537353516,2083.389892578125,-0.000780844,-0.001275212,0.3254173215720002
8/14/2015,26.122962951660156,2091.540039,0.007034115,0.003911964,0.32186579123535053
8/17/2015,26.393295288085938,2102.439941,0.010348456,0.005211424,0.32279681295443513
8/18/2015,26.24460792541504,2096.919922,-0.005633528,-0.00262553,0.3114835580717796
8/19/2015,25.908952713012695,2079.610107421875,-0.012789492,-0.008254876,0.3121351111512506
8/20/2015,25.377302169799805,2035.72998,-0.020519955,-0.02110017,0.2881525427449534
8/21/2015,23.825159072875977,1970.8900146484375,-0.061162652,-0.031850966,0.34762080902217807
8/24/2015,23.230417251586914,1893.209961,-0.024962764,-0.039413693,0.3526566407740575
8/25/2015,23.370094299316406,1867.6099853515625,0.006012679,-0.013521995,0.3555355654899668
8/26/2015,24.710485458374023,1940.510009765625,0.057354974,0.039033859,0.4193319213650894
8/27/2015,25.438121795654297,1987.6600341796875,0.029446461,0.024297748621125326,0.43605003988484875
8/28/2015,25.521474838256836,1988.8699951171875,0.003276698,0.000608736,0.4366274271815957
8/31/2015,25.40207862854004,1972.1800537109375,-0.004678264,-0.00839167,0.4361907643913815
9/1/2015,24.266693115234375,1913.8499755859375,-0.044696559,-0.029576447,0.45455678018736434
9/2/2015,25.30746841430664,1948.8599853515625,0.042889045,0.018292975,0.4699203303497602
9/3/2015,24.863672256469727,1951.1300048828125,-0.017536174,0.001164794,0.4728580543125011
9/4/2015,24.615867614746094,1921.219970703125,-0.009966534,-0.015329596,0.4735452469552256
9/8/2015,25.30070686340332,1969.4100341796875,0.027821049,0.025083054,0.4845230405618058
9/9/2015,24.814111709594727,1942.040039,-0.019232473,-0.013897561,0.4686780608361029
9/10/2015,25.35927963256836,1952.290039,0.021970076114505188,0.005277955,0.4415209498237114
9/11/2015,25.728727340698242,1961.050048828125,0.014568541,0.004487043,0.4411554232596807
9/14/2015,25.976531982421875,1953.030029296875,0.009631438,-0.004089656,0.4424134575270376
9/15/2015,26.195049285888672,1978.0899658203125,0.008412105,0.012831311,0.4426980278192847
9/16/2015,26.22433853149414,1995.310059,0.001118121,0.008705414,0.4412637835368601
9/17/2015,25.66339874267578,1990.199951171875,-0.021390045,-0.002561059,0.4471630847195464
9/18/2015,25.557518005371094,1958.030029296875,-0.004125749,-0.016164166,0.44521155292350884
9/21/2015,25.95400619506836,1966.969970703125,0.015513563938952979,0.004565784,0.4420528928756128
9/22/2015,25.54625893,1942.739990234375,-0.015710379,-0.012318429,0.38535111088858953
9/23/2015,25.753509521484375,1938.760009765625,0.008112757,-0.002048643,0.3712298614903509
9/24/2015,25.906694412231445,1932.239990234375,0.005948117,-0.003362984,0.3712281053727288
9/25/2015,25.84136962890625,1931.3399658203125,-0.002521541,-0.000465793,0.3195350435837764
9/28/2015,25.329988479614258,1881.77002,-0.019789243,-0.02566609,0.31231925435251817
9/29/2015,24.568559646606445,1884.0899658203125,-0.03006037,0.001232853,0.32880310773317223
9/30/2015,24.847904205322266,1920.030029296875,0.011370001446316058,0.019075555906861608,0.3316014246542998
10/1/2015,24.68570327758789,1923.8199462890625,-0.006527751,0.001973884,0.2919927450315514
10/2/2015,24.865921020507812,1951.3599853515625,0.007300491,0.014315289284541954,0.2507375154787816
10/5/2015,24.956035614013672,1987.050048828125,0.00362402,0.018289840800508328,0.24346392556500826
10/6/2015,25.075429916381836,1979.9200439453125,0.004784185,-0.003588236,0.24098458331585468
10/7/2015,24.956035614013672,1995.8299560546875,-0.004761406,0.008035634,0.22087018374142578
10/8/2015,24.667688369750977,2013.4300537109375,-0.011554209,0.008818435,0.21419192134150283
10/9/2015,25.257905960083008,2014.8900146484375,0.023926749093190036,0.000725111,0.21683409086241268
10/12/2015,25.14075469970703,2017.459961,-0.004638202,0.001275477,0.2105786927745481
10/13/2015,25.183557510375977,2003.689941,0.001702527,-0.006825424,0.2072928734281458
10/14/2015,24.827627182006836,1994.239990234375,-0.014133441,-0.004716274,0.20856377485413916
10/15/2015,25.199329376220703,2023.8599853515625,0.014971313669606356,0.014852774,0.21691801844356112
10/16/2015,25.014604568481445,2033.1099853515625,-0.007330545,0.004570474,0.20612470930431345
10/19/2015,25.170047760009766,2033.6600341796875,0.006214097,0.000270546,0.20734478158377473
10/20/2015,25.62961196899414,2030.77002,0.018258377,-0.00142109,0.21023793560628562
10/21/2015,25.62735939025879,2018.939941,-8.79E-05,-0.005825415,0.20284601632246257
10/22/2015,26.019336700439453,2052.510009765625,0.015295267226386855,0.016627572,0.20782812657855612
10/23/2015,26.82582664489746,2075.149902,0.030995791850619625,0.011030344539323389,0.23262678210389223
10/26/2015,25.969768524169922,2071.179931640625,-0.031911714,-0.001913101,0.26010462127204176
10/27/2015,25.805322647094727,2065.889892578125,-0.006332204,-0.002554119,0.25098433474230464
10/28/2015,26.868623733520508,2090.350098,0.041204719699386994,0.011840033,0.26105171867611676
10/29/2015,27.152475357055664,2089.409912109375,0.010564427354015526,-0.000449774,0.26079544494834533
10/30/2015,26.920438766479492,2079.360107421875,-0.008545688,-0.004809877,0.2619480946193384
11/2/2015,27.298900604248047,2104.050048828125,0.014058531551120357,0.011873817006551102,0.26397340472637537
11/3/2015,27.612031936645508,2109.790039,0.011470474102123207,0.002728067,0.2650104898782833
11/4/2015,27.483633041381836,2102.310059,-0.004650107,-0.003545367,0.26709610442448656
11/5/2015,27.356931686401367,2099.929931640625,-0.004610066,-0.001132148,0.2670304168913844
11/6/2015,27.388608932495117,2099.199951171875,0.001157924,-0.000347621,0.26095192860239214
11/9/2015,27.277748107910156,2078.580078,-0.004047698,-0.009822729,0.25343803813819177
11/10/2015,26.41803741455078,2081.719970703125,-0.031516923,0.001510595,0.28037426767703805
11/11/2015,26.268726348876953,2075,-0.005651861,-0.003228086,0.28179527174526625
11/12/2015,26.180490493774414,2045.969970703125,-0.00335897,-0.013990376,0.27636486681983025
11/13/2015,25.415802001953125,2023.040039,-0.029208333,-0.011207365,0.29344223286387083
11/16/2015,25.83207130432129,2053.189941,0.016378365803140005,0.014903265264943455,0.2968728110277465
11/17/2015,25.72121810913086,2050.439941,-0.004291301,-0.001339379,0.2970900308327519
11/18/2015,26.53567886352539,2083.580078,0.031664937132406035,0.016162452,0.3101336392658497
11/19/2015,26.87278175354004,2081.239990234375,0.012703759785019697,-0.001123109,0.312291357
11/20/2015,26.990419387817383,2089.169922,0.004377576,0.003810196,0.30890309510547903
11/23/2015,26.63974952697754,2086.590087890625,-0.012992383,-0.001234861,0.29396770505559633
11/24/2015,26.895404815673828,2089.139892578125,0.00959676,0.001221996,0.27182443314876314
11/25/2015,26.703100204467773,2088.870117,-0.007150092,-0.000129132,0.2721476243624265
11/27/2015,26.65332794189453,2090.110107421875,-0.001863913,0.000593618,0.23134978806998147
11/30/2015,26.764179229736328,2080.409912109375,0.004159004,-0.004640997,0.22861395549740784
12/1/2015,26.546995162963867,2102.629883,-0.008114729,0.010680573,0.22842971137628346
12/2/2015,26.30718231201172,2079.510009765625,-0.009033521,-0.010995693,0.22376027374646448
12/3/2015,26.062835693359375,2049.620117,-0.009288209,-0.014373527,0.21992708030803668
12/4/2015,26.92933464050293,2091.689941,0.033246534,0.020525669,0.25238021957502504
12/7/2015,26.759654998779297,2077.070068359375,-0.006300922,-0.006989503,0.2527653297587956
12/8/2015,26.748348236083984,2063.590087890625,-0.00042253,-0.006489902,0.25266009122492644
12/9/2015,26.157855987548828,2047.6199951171875,-0.02207584,-0.007738985,0.2629057047126024
12/10/2015,26.282291412353516,2052.22998,0.004757096,0.002251387,0.24042276942594776
12/11/2015,25.60583496,2012.3699951171875,-0.025738108,-0.019422767,0.25580515053566066
12/14/2015,25.44746971130371,2021.939941,-0.006184733,0.00475556,0.2563073274101441
12/15/2015,24.99724578857422,2043.4100341796875,-0.017692286,0.010618561082731848,0.24323807332977973
12/16/2015,25.18955421447754,2073.070068359375,0.007693185,0.014514969430300617,0.23735333154784508
12/17/2015,24.655628204345703,2041.8900146484375,-0.021196326,-0.015040521,0.2472418382661494
12/18/2015,23.988222122192383,2005.550048828125,-0.027069117,-0.01779722,0.22988819855937015
12/21/2015,24.28232765197754,2021.1500244140625,0.012260413810036841,0.007778403,0.22947017522494004
12/22/2015,24.25971221923828,2038.969970703125,-0.000931354,0.008816736,0.22754827725621418
12/23/2015,24.571922302246094,2064.290039,0.012869488,0.012418068,0.23361296356031822
12/24/2015,24.440702438354492,2060.989990234375,-0.005340236,-0.001598636,0.22854617070957642
12/28/2015,24.166950225830078,2056.5,-0.011200669,-0.00217856,0.22957790217890983
12/29/2015,24.601327896118164,2078.360107421875,0.017974037527656916,0.010629762908764828,0.2425221499605516
12/30/2015,24.280065536499023,2063.360107421875,-0.013058741,-0.007217229,0.2428290585842521
12/31/2015,23.81401824951172,2043.939941,-0.019194647,-0.009411913,0.24787860222670377
1/4/2016,23.834373474121094,2012.6600341796875,0.000854758,-0.015303731,0.24823988461771276
1/5/2016,23.237102508544922,2016.709961,-0.025059227,0.002012226,0.25784027134938736
1/6/2016,22.782358169555664,1990.260009765625,-0.019569752,-0.013115397,0.22049888038268173
1/7/2016,21.820837020874023,1943.0899658203125,-0.042204637,-0.023700443,0.25039325898859033
1/8/2016,21.93622589111328,1922.030029296875,0.005288013,-0.010838374,0.25377442789671123
1/11/2016,22.291419982910156,1923.6700439453125,0.016192124094636107,0.000853272,0.26387911358733906
1/12/2016,22.614944458007812,1938.6800537109375,0.014513408089107394,0.007802799,0.2716188847065274
1/13/2016,22.03350830078125,1890.280029296875,-0.025710262,-0.024965452,0.2715946839434382
1/14/2016,22.51540184020996,1921.8399658203125,0.021870940063213773,0.016695905386662213,0.2894437057618483
1/15/2016,21.974687576293945,1880.3299560546875,-0.024015306,-0.021599098,0.29355712011301843
1/19/2016,21.86835479736328,1881.3299560546875,-0.004838876,0.000531822,0.28939683075471967
1/20/2016,21.89776611328125,1859.3299560546875,0.001344926,-0.011693855,0.2855320672705968
1/21/2016,21.78689956665039,1868.989990234375,-0.005062916,0.005195438,0.2745286797651018
1/22/2016,22.94525718688965,1906.9000244140625,0.053167621,0.020283701024494727,0.33563631273379857
1/25/2016,22.497299194335938,1877.0799560546875,-0.019522901,-0.015637982,0.34069521878214315
1/26/2016,22.62173080444336,1903.6300048828125,0.005530958,0.014144335590226431,0.3372193461832551
1/27/2016,21.135332107543945,1882.949951171875,-0.065706674,-0.010863484,0.39989576552411227
1/28/2016,21.286916732788086,1893.3599853515625,0.007172096,0.005528577,0.4022847343342394
1/29/2016,22.022192001342773,1940.239990234375,0.034541182,0.024760217,0.4183503726803382
2/1/2016,21.81631851196289,1939.3800048828125,-0.009348456,-0.000443237,0.41763850623952165
2/2/2016,21.375144958496094,1903.030029296875,-0.020222182,-0.018743091,0.41810119616466296
2/3/2016,21.79821777,1912.530029296875,0.019792746003027384,0.004992039,0.4263926630858876
2/4/2016,21.973371505737305,1915.449951171875,0.008035232,0.001526733,0.42107617379294865
2/5/2016,21.386505126953125,1880.050048828125,-0.026708072,-0.018481246,0.42546364588068597
2/8/2016,21.61168861,1853.439941,0.010529232597928262,-0.014153936,0.40229466649477696
2/9/2016,21.607141494750977,1852.209961,-0.000210401,-0.00066362,0.4018087241751708
2/10/2016,21.44337272644043,1851.8599853515625,-0.007579381,-0.00018895,0.3978499663300948
2/11/2016,21.313709259033203,1829.0799560546875,-0.006046785,-0.012301162,0.39374809728434873
2/12/2016,21.379676818847656,1864.780029296875,0.003095076,0.019518049565855122,0.38491969993594993
2/16/2016,21.982465744018555,1895.5799560546875,0.028194482558290934,0.016516654,0.39027134937327107
2/17/2016,22.31911277770996,1926.8199462890625,0.015314343605107528,0.016480439,0.38459677284035687
2/18/2016,21.896028518676758,1917.8299560546875,-0.018956141,-0.004665714,0.39037345855676714
2/19/2016,21.84598731994629,1917.780029296875,-0.002285401,-2.60E-05,0.3904594546632551
2/22/2016,22.037065505981445,1945.5,0.008746603,0.014454197186153817,0.39105424063816924
2/23/2016,21.538894653320312,1921.27002,-0.022606043,-0.012454372,0.3491333319417636
2/24/2016,21.859630584716797,1929.800048828125,0.014891012,0.004439787,0.34868348737434574
2/25/2016,22.00975799560547,1951.699951171875,0.006867793,0.011348275359951865,0.34903605941845656
2/26/2016,22.043882369995117,1948.050048828125,0.00155042,-0.001870114,0.2579896067538842
2/29/2016,21.993837356567383,1932.22998,-0.002270245,-0.008120976,0.25773863229014754
3/1/2016,22.86731529,1978.3499755859375,0.039714667,0.023868791801894718,0.2665225598347884
3/2/2016,22.917354583740234,1986.449951171875,0.002188245,0.004094309,0.26334944285518314
3/3/2016,23.087955474853516,1993.4000244140625,0.007444179,0.003498741,0.2504231629568364
3/4/2016,23.431434631347656,1999.989990234375,0.014876985,0.003305892,0.24702230665490696
3/7/2016,23.172117233276367,2001.760009765625,-0.011067073,0.000885014,0.25148580383446034
3/8/2016,22.98104476928711,1979.260009765625,-0.008245792,-0.011240109,0.2316804052453052
3/9/2016,23.001516342163086,1989.260009765625,0.000890803,0.005052393,0.2304143050767293
3/10/2016,23.012887954711914,1989.5699462890625,0.000494385,0.000155805,0.23030071460798093
3/11/2016,23.260831832885742,2022.189941,0.010774131376373397,0.016395501,0.2283393565741937
3/14/2016,23.319971084594727,2019.6400146484375,0.002542439,-0.001260973,0.22550836985848677
3/15/2016,23.788564682006836,2015.9300537109375,0.020094089984599606,-0.001836942,0.2318784724123304
3/16/2016,24.10473633,2027.219970703125,0.013290908902852339,0.005600352,0.21862332947463178
3/17/2016,24.066072463989258,2040.5899658203125,-0.001603994,0.006595236,0.21590563392746812
3/18/2016,24.09336280822754,2049.580078,0.001133976,0.004405644,0.1999933064122346
3/21/2016,24.091089248657227,2051.600098,-9.44E-05,0.000985577,0.19917981206771343
3/22/2016,24.275341033935547,2049.800048828125,0.00764813,-0.000877388,0.1989378414336201
3/23/2016,24.141136169433594,2036.709961,-0.005528444,-0.006386032,0.1769985594975353
3/24/2016,24.036495208740234,2035.939941,-0.00433455,-0.00037807,0.17668131949058336
3/28/2016,23.92731475830078,2037.050048828125,-0.004542278,0.000545255,0.17922975132247954
3/29/2016,24.493703842163086,2055.010009765625,0.023671235,0.008816652,0.19132268743185477
3/30/2016,24.921344757080078,2063.949951171875,0.017459218,0.004350315,0.1939370231441506
3/31/2016,24.791688919067383,2059.739990234375,-0.005202602,-0.002039759,0.15395989787862596
4/1/2016,25.01915932,2072.780029296875,0.009175268,0.006330915,0.15488113268448617
4/4/2016,25.276195526123047,2066.129883,0.010273574977062605,-0.003208322,0.15592705382305147
4/5/2016,24.978208541870117,2045.1700439453125,-0.011789234,-0.010144492,0.1605729466170131
4/6/2016,25.239805221557617,2066.659912109375,0.010472996,0.010507619269939372,0.15382748852469807
4/7/2016,24.68933105,2041.9100341796875,-0.021809763,-0.011975787,0.17348897271380778
4/8/2016,24.716629028320312,2047.5999755859375,0.001105659,0.002786578,0.1734502096988701
4/11/2016,24.79851531982422,2041.989990234375,0.003313004,-0.002739786,0.17311191406913665
4/12/2016,25.121517181396484,2061.719970703125,0.013025048371103631,0.009662134,0.1744541758649118
4/13/2016,25.485464096069336,2082.419922,0.014487457586453756,0.010040137,0.17829585959690888
4/14/2016,25.499109268188477,2082.780029296875,0.00053541,0.000172927,0.16909779123088578
4/15/2016,24.987308502197266,2080.72998,-0.020071319,-0.000984285,0.18332047954242217
4/18/2016,24.448211669921875,2094.340087890625,-0.021574826,0.006541025,0.20023516564628044
4/19/2016,24.318559646606445,2100.800048828125,-0.005303129,0.003084485,0.2013490942692265
4/20/2016,24.368600845336914,2102.399902,0.002057737,0.000761545,0.20140438552688306
4/21/2016,24.10473633,2091.47998,-0.010828054,-0.005194027,0.2034427193832726
4/22/2016,24.03877067565918,2091.580078,-0.002736626,4.785972478082989e-05,0.20276005608666364
4/25/2016,23.902292251586914,2087.790039,-0.005677429,-0.001812046,0.2031643390331204
4/26/2016,23.73624038696289,2091.699951171875,-0.00694711,0.001872752,0.2039828264823367
4/27/2016,22.25087547302246,2095.149902,-0.062577935,0.001649353,0.2806572240374181
4/28/2016,21.57075309753418,2075.810059,-0.030566095,-0.009230769,0.28280476746309496
4/29/2016,21.32280731201172,2065.300048828125,-0.011494535,-0.005063088,0.28322542868400974
5/2/2016,21.300065994262695,2081.429931640625,-0.001066526,0.007809946,0.2780314914305815
5/3/2016,21.650367736816406,2063.370117,0.01644604,-0.008676638,0.2837620149542225
5/4/2016,21.4251709,2051.120117,-0.010401525,-0.005936889,0.28351925663580263
5/5/2016,21.33820343017578,2050.629883,-0.004059126,-0.000239008,0.2765375957746702
5/6/2016,21.21920394897461,2057.139892578125,-0.005576828,0.003174639,0.2718655198320687
5/9/2016,21.23522186279297,2058.689941,0.000754878,0.000753497,0.2717357222454508
5/10/2016,21.379396438598633,2084.389892578125,0.006789408,0.012483643435067249,0.2736677993064697
5/11/2016,21.1711483,2064.459961,-0.0097406,-0.009561518,0.26398032727417087
5/12/2016,20.67453384399414,2064.110107421875,-0.023457134,-0.000169465,0.2558925239868608
5/13/2016,20.715723037719727,2046.6099853515625,0.001992267,-0.008478289,0.25668144111710106
5/16/2016,21.48467254638672,2066.659912109375,0.037119125,0.009796652,0.30035048934318737
5/17/2016,21.395416259765625,2047.209961,-0.004154417,-0.009411297,0.29572051268605815
5/18/2016,21.640289306640625,2047.6300048828125,0.011445117,0.000205179,0.3019597206779119
5/19/2016,21.557905197143555,2040.040039,-0.003806978,-0.003706708,0.30082436405778895
5/20/2016,21.791336059570312,2052.320068359375,0.010828087,0.006019504,0.30544158632310925
5/23/2016,22.068248748779297,2048.040039,0.012707467245330673,-0.002085459,0.31126732552042136
5/24/2016,22.404664993286133,2076.060059,0.015244356194120012,0.013681382686285826,0.31810601499048047
5/25/2016,22.798288345336914,2090.540039,0.017568812216952834,0.006974741,0.3254110844534416
5/26/2016,22.97907829284668,2090.100098,0.007929979,-0.000210444,0.23959713428727994
5/27/2016,22.965349197387695,2099.060059,-0.000597461,0.004286857,0.20942693724447342
5/31/2016,22.85320472717285,2096.949951171875,-0.004883203,-0.001005263,0.20483559907923005
6/1/2016,22.53281593322754,2099.330078,-0.014019425,0.001135042,0.21312892674511932
6/2/2016,22.363468170166016,2105.260009765625,-0.007515606,0.002824678,0.2098919500985712
6/3/2016,22.409231185913086,2099.129883,0.002046329,-0.002911815,0.20528233666639056
6/6/2016,22.571720123291016,2109.409912109375,0.007250982,0.004897281,0.2046613890016445
6/7/2016,22.66326141357422,2112.129883,0.004055574,0.001289446,0.2024263627116308
6/8/2016,22.642662048339844,2119.120117,-0.000908932,0.003309567,0.20276312410967903
6/9/2016,22.805150985717773,2115.47998,0.007176229,-0.001717759,0.20285530715543307
6/10/2016,22.617496490478516,2096.070068359375,-0.008228601,-0.009175181,0.20170847826520538
6/13/2016,22.27650260925293,2079.060059,-0.015076553,-0.008115191,0.18945559768887774
6/14/2016,22.3039608,2075.320068359375,0.001232608,-0.001798885,0.1895564519015838
6/15/2016,22.230730056762695,2071.5,-0.003283307,-0.001840713,0.1462315941576325
6/16/2016,22.324565887451172,2077.989990234375,0.004220996,0.003132991,0.14490251291299086
6/17/2016,21.81650733947754,2071.219970703125,-0.022757824,-0.003257965,0.16416716627148512
6/20/2016,21.76386833190918,2083.25,-0.002412806,0.005808185,0.1637836008251868
6/21/2016,21.949251174926758,2088.899902,0.008517918,0.002712062,0.16213594108457868
6/22/2016,21.866857528686523,2085.449951171875,-0.003753825,-0.001651564,0.1563064191375658
6/23/2016,21.992721557617188,2113.320068359375,0.005755927,0.013364079,0.14755917841839936
6/24/2016,21.37482261657715,2037.4100341796875,-0.028095611,-0.0359198,0.16003266318768272
6/27/2016,21.063583374023438,2000.540039,-0.014561021,-0.018096502,0.15961334639492122
6/28/2016,21.41830825805664,2036.0899658203125,0.016840671301477927,0.017770165,0.17509754467374353
6/29/2016,21.60367202758789,2070.77002,0.008654454,0.017032672570028273,0.17973210874953358
6/30/2016,21.878292083740234,2098.860107421875,0.012711730478117467,0.013565044705922347,0.1821929580904023
7/1/2016,21.944664001464844,2102.949951171875,0.003033688,0.001948602,0.18135013200061048
7/5/2016,21.738697052001953,2088.550048828125,-0.009385742,-0.006847477,0.1833724741651099
7/6/2016,21.862279891967773,2099.72998,0.005684924,0.005352963,0.18252181525244862
7/7/2016,21.95611000061035,2097.899902,0.004291872,-0.000871578,0.18261353688967946
7/8/2016,22.125465393066406,2129.899902,0.007713361,0.015253349296718177,0.18535449877293064
7/11/2016,22.19411849975586,2137.159912109375,0.0031029,0.003408615,0.1836099065091897
7/12/2016,22.29480553,2152.139892578125,0.004536654,0.007009293,0.18280079253552917
7/13/2016,22.16893768310547,2152.429931640625,-0.005645613,0.000134768,0.17620386820256193
7/14/2016,22.608335494995117,2163.75,0.019820427039429322,0.005259204,0.1893449571920053
7/15/2016,22.606046676635742,2161.739990234375,-0.000101238,-0.000928947,0.18881869380434102
7/18/2016,22.846345901489258,2166.889892578125,0.010629865021993146,0.002382295,0.1915393818553709
7/19/2016,22.855501174926758,2163.780029296875,0.000400733,-0.001435174,0.17075915331569974
7/20/2016,22.876094818115234,2173.02002,0.000901037,0.0042703,0.16999745854546236
7/21/2016,22.754802703857422,2165.169922,-0.005302134,-0.003612529,0.17050288724378546
7/22/2016,22.578588485717773,2175.030029296875,-0.007744045,0.004553965,0.17267900562068558
7/25/2016,22.27650260925293,2168.47998,-0.013379307,-0.003011475,0.17944275769786094
7/26/2016,22.123167037963867,2169.179931640625,-0.006883287,0.000322784,0.14906919575575542
7/27/2016,23.560365676879883,2166.580078,0.064963513,-0.001198542,0.25604751422044614
7/28/2016,23.87846565246582,2170.060059,0.013501487,0.001606209,0.2544350921910005
7/29/2016,23.848718643188477,2173.600098,-0.001245767,0.001631309,0.25510574188208546
8/1/2016,24.269807815551758,2170.840087890625,0.017656679114018248,-0.001269787,0.25759172100806504
8/2/2016,23.910507202148438,2157.030029296875,-0.014804428,-0.006361619,0.2666251146308674
8/3/2016,24.21030044555664,2163.790039,0.012538138186431569,0.003133943,0.26332012468078647
8/4/2016,24.35986328,2164.25,0.006177653,0.000212572,0.26333547748301334
8/5/2016,24.730314254760742,2182.870117,0.015207432,0.008603496,0.2655189366954035
8/8/2016,24.935094833374023,2180.889892578125,0.008280549,-0.000907166,0.26557738610654535
8/9/2016,25.036333084106445,2181.739990234375,0.004060071,0.000389794,0.2654738299136087
8/10/2016,24.849964141845703,2175.489990234375,-0.007443939,-0.002864686,0.2694542850915104
8/11/2016,24.83385658,2185.790039,-0.000648192,0.004734588,0.26744184507372376
8/12/2016,24.891380310058594,2184.050048828125,0.002316343,-0.000796046,0.26250308439823894
8/15/2016,25.19049835205078,2190.149902,0.012016932699843608,0.002792909,0.2630557646591614
8/16/2016,25.167482376098633,2178.149902,-0.000913677,-0.005479077,0.2631454693594631
8/17/2016,25.13066864013672,2182.219970703125,-0.00146275,0.00186859,0.2636119093268571
8/18/2016,25.098464965820312,2187.02002,-0.001281449,0.002199617,0.2641116397701939
8/19/2016,25.162883758544922,2183.870117,0.002566643,-0.001440271,0.2618086979282207
8/22/2016,24.967300415039062,2182.639892578125,-0.007772692,-0.000563323,0.2618261862177039
8/23/2016,25.04553795,2186.899902,0.0031336,0.001951769,0.253392356
8/24/2016,24.85686683654785,2175.439941,-0.007533123,-0.005240277,0.2538090233280271
8/25/2016,24.75102424621582,2172.469970703125,-0.004258083,-0.001365228,0.1360444478944284
8/26/2016,24.606060028076172,2169.040039,-0.005856898,-0.001578817,0.13259802236485846
8/29/2016,24.57845115661621,2180.379883,-0.001122035,0.005228047,0.1325668575219642
8/30/2016,24.389774322509766,2176.120117,-0.007676514,-0.00195368,0.12223460674394797
8/31/2016,24.412784576416016,2170.949951171875,0.000943439,-0.002375864,0.10926014712673586
9/1/2016,24.55774498,2170.860107421875,0.005937889,-4.14E-05,0.10268200214277215
9/2/2016,24.787839889526367,2179.97998,0.009369546,0.004201041,0.10538766921131501
9/6/2016,24.780935287475586,2186.47998,-0.000278548,0.002981679,0.091551354
9/7/2016,24.932788848876953,2186.159912109375,0.006127838,-0.000146385,0.089410264
9/8/2016,24.279329299926758,2181.300048828125,-0.026208843,-0.002223014,0.126094824
9/9/2016,23.729408264160156,2127.810059,-0.022649762,-0.024522069,0.14484027854111745
9/12/2016,24.26092529296875,2159.040039,0.022399084835645677,0.014677053,0.16801143429671953
9/13/2016,24.838457107543945,2127.02002,0.023805020113663033,-0.014830674,0.1886686830005082
9/14/2016,25.717403411865234,2125.77002,0.03538651,-0.000587677,0.22191548680713466
9/15/2016,26.591754913330078,2147.260009765625,0.033998436,0.010109273363029914,0.24923840541277725
9/16/2016,26.442201614379883,2139.159912109375,-0.005624048,-0.003772295,0.25053629678560324
9/19/2016,26.133878707885742,2139.120117,-0.011660259,-1.86E-05,0.255071322
9/20/2016,26.131568908691406,2139.760009765625,-8.84E-05,0.000299138,0.25516921747352717
9/21/2016,26.126970291137695,2163.120117,-0.000175979,0.010917162352442444,0.2528790877851603
9/22/2016,26.37316895,2177.179931640625,0.009423161,0.006499784,0.25408100701412406
9/23/2016,25.93369483947754,2164.689941,-0.016663682,-0.005736774,0.2605481768319108
9/26/2016,25.97281265258789,2146.100098,0.001508378,-0.008587763,0.25952522227004876
9/27/2016,26.02113151550293,2159.929931640625,0.001860363,0.00644417,0.2577938641162238
9/28/2016,26.219005584716797,2171.370117,0.007604361,0.005296554,0.25789721418336725
9/29/2016,25.811748504638672,2151.129883,-0.015532896,-0.009321411,0.26345073167943167
9/30/2016,26.011930465698242,2168.27002,0.007755459,0.007967969,0.2638917521794811
10/3/2016,25.88997459411621,2161.199951171875,-0.004688459,-0.003260696,0.2650455958539403
10/4/2016,26.00041961669922,2150.489990234375,0.004265938,-0.004955562,0.2640030845755418
10/5/2016,26.011930465698242,2159.72998,0.000442718,0.004296691,0.263922422
10/6/2016,26.205209732055664,2160.77002,0.007430408,0.00048156,0.264190059
10/7/2016,26.24431610107422,2153.739990234375,0.001492313,-0.003253483,0.2428187988094039
10/10/2016,26.70219612121582,2163.659912109375,0.017446826,0.004605905,0.22694614496778936
10/11/2016,26.75972557067871,2136.72998,0.002154484,-0.012446472,0.2189065000756591
10/12/2016,26.999025344848633,2139.179931640625,0.008942535,0.001146589,0.20842499866416736
10/13/2016,26.91618537902832,2132.550048828125,-0.003068258,-0.003099264,0.17558410214980208
10/14/2016,27.065750122070312,2132.97998,0.005556684,0.000201604,0.1332940045266947
10/17/2016,27.047340393066406,2126.5,-0.000680185,-0.003037994,0.13134255743429407
10/18/2016,27.02893829345703,2139.600098,-0.000680366,0.006160403,0.12314184687903798
10/19/2016,26.94840431213379,2144.290039,-0.002979547,0.002191971,0.12405514421388003
10/20/2016,26.93459129333496,2141.340087890625,-0.000512573,-0.001375724,0.124117765
10/21/2016,26.828750610351562,2141.159912109375,-0.003929545,-8.41E-05,0.1219505608840216
10/24/2016,27.070350646972656,2151.330078,0.009005266,0.00474984,0.1070218353226921
10/25/2016,27.208404541015625,2143.159912109375,0.005099819,-0.003797728,0.10750792235724255
10/26/2016,26.596359252929688,2139.429931640625,-0.022494714,-0.001740412,0.13750416347290845
10/27/2016,26.34096336364746,2133.040039,-0.009602664,-0.002986727,0.14010808150608073
10/28/2016,26.166091918945312,2126.409912109375,-0.006638764,-0.003108299,0.1305382648571368
10/31/2016,26.124671936035156,2126.149902,-0.001582964,-0.000122276,0.12814864679520854
11/1/2016,25.652978897094727,2111.719970703125,-0.018055463,-0.006786883,0.14221589877555085
11/2/2016,25.675992965698242,2097.939941,0.00089713,-0.0065255,0.14129928042560033
11/3/2016,25.40077781677246,2088.659912109375,-0.010718773,-0.004423401,0.14552814615310872
11/4/2016,25.171812057495117,2085.179931640625,-0.009014124,-0.001666131,0.14454091979107075
11/7/2016,25.53491973876953,2131.52002,0.014425170521893182,0.022223543967337278,0.1549078092697117
11/8/2016,25.685243606567383,2139.560059,0.005886992,0.003771974,0.141954069
11/9/2016,25.643611907958984,2163.260009765625,-0.001620841,0.011077020753253342,0.14122645644177387
11/10/2016,24.92896842956543,2167.47998,-0.027868285,0.001950746,0.16144679995010933
11/11/2016,25.076990127563477,2164.449951171875,0.005937739,-0.00139795,0.16489756394803293
11/14/2016,24.44793128967285,2164.199951171875,-0.025085101,-0.000115503,0.17779036605776238
11/15/2016,24.771717071533203,2180.389892578125,0.013243892827738968,0.007480797,0.18807374581550937
11/16/2016,25.43777847290039,2176.939941,0.026887978715557148,-0.001582263,0.21650358740954898
11/17/2016,25.42852783203125,2187.120117,-0.000363658,0.00467637,0.2166652463495122
11/18/2016,25.45397186279297,2181.899902,0.00100061,-0.002386798,0.21691849590249232
11/21/2016,25.84019660949707,2198.179931640625,0.015173457,0.007461401,0.22537184938155533
11/22/2016,25.856388092041016,2202.939941,0.000626601,0.002165432,0.22220868184719192
11/23/2016,25.724559783935547,2204.719970703125,-0.005098481,0.000808024,0.2208558200639799
11/25/2016,25.854066848754883,2213.350098,0.005034374,0.003914387,0.2098861198853442
11/28/2016,25.803199768066406,2201.719970703125,-0.001967469,-0.005254536,0.20771913820582927
11/29/2016,25.777751922607422,2204.659912109375,-0.000986228,0.001335293,0.20667172568017564
11/30/2016,25.560361862182617,2198.810059,-0.008433244,-0.002653404,0.20842428392577655
12/1/2016,25.322145462036133,2191.080078,-0.009319759,-0.003515529,0.20147552908112937
12/2/2016,25.416973114013672,2191.949951171875,0.003744851,0.000397007,0.20197254844304122
12/5/2016,25.23426055908203,2204.709961,-0.007188604,0.005821305,0.20006243732176604
12/6/2016,25.42852783203125,2212.22998,0.007698552,0.003410888,0.1991991860727315
12/7/2016,25.678308486938477,2241.350098,0.009822852,0.013163241364864575,0.19577093066522497
12/8/2016,25.930391311645508,2246.189941,0.009816956,0.002159343,0.1976385704108397
12/9/2016,26.35362434387207,2259.530029296875,0.016321891449300407,0.005938985,0.20482523266692382
12/12/2016,26.203292846679688,2256.959961,-0.005704396,-0.001137435,0.17751530553203065
12/13/2016,26.64039421081543,2271.719970703125,0.016681161665188515,0.006539775,0.1839692640873999
12/14/2016,26.64039421081543,2253.280029296875,0,-0.008117172,0.15386656095353923
12/15/2016,26.786109924316406,2262.030029296875,0.005469728,0.003883228,0.15038987689285307
12/16/2016,26.820798873901367,2258.070068359375,0.001295035,-0.001750623,0.12477495521945908
12/19/2016,26.975751876831055,2262.530029296875,0.005777345,0.001975121,0.12477935464419944
12/20/2016,27.047439575195312,2270.760009765625,0.002657487,0.003637512,0.12460249046993244
12/21/2016,27.0728817,2265.179931640625,0.000940648,-0.002457361,0.11646240072064805
12/22/2016,26.89480209350586,2260.959961,-0.006577785,-0.001862974,0.12033508699793952
12/23/2016,26.947996139526367,2263.790039,0.001977856,0.001251715,0.11761254880608515
12/27/2016,27.119142532348633,2268.879883,0.006350988,0.002248373,0.11809400194539169
12/28/2016,27.003503799438477,2249.919922,-0.0042641,-0.008356529,0.11940134931144672
12/29/2016,26.996564865112305,2249.260009765625,-0.000256964,-0.000293305,0.11918310827772541
12/30/2016,26.786109924316406,2238.830078,-0.007795619,-0.00463705,0.11848277759124388
1/3/2017,26.862430572509766,2257.830078,0.002849262,0.008486575,0.11074439899249607
1/4/2017,26.832359313964844,2270.75,-0.001119454,0.005722274,0.11152223543691073
1/5/2017,26.968812942504883,2269,0.005085413,-0.00077067,0.10590141348686259
1/6/2017,27.26947021484375,2276.97998,0.011148331703729086,0.003516959,0.10839611165029456
1/9/2017,27.519243240356445,2268.899902,0.009159438,-0.003548594,0.10792073938326627
1/10/2017,27.546998977661133,2268.899902,0.001008594,0,0.10553096339850396
1/11/2017,27.69501495361328,2275.320068359375,0.005373216,0.002829638,0.094199019
1/12/2017,27.579370498657227,2270.439941,-0.004175642,-0.002144809,0.09268178
1/13/2017,27.530803680419922,2274.639892578125,-0.001760984,0.00184984,0.077848776
1/17/2017,27.752826690673828,2267.889892578125,0.008064531,-0.002967503,0.080747349
1/18/2017,27.750516891479492,2271.889892578125,-8.32E-05,0.001763754,0.079995885
1/19/2017,27.701948165893555,2263.689941,-0.001750192,-0.003609308,0.080879742
1/20/2017,27.752826690673828,2271.310059,0.001836641,0.003366237,0.0794252
1/23/2017,27.771331787109375,2265.199951171875,0.000666782,-0.002690125,0.079316372
1/24/2017,27.745891571044922,2280.070068359375,-0.00091606,0.006564594,0.079673601
1/25/2017,28.187623977661133,2298.370117,0.015920642,0.008026091,0.089568795
1/26/2017,28.201501846313477,2296.679931640625,0.000492339,-0.000735384,0.089773947
1/27/2017,28.203811645507812,2294.689941,8.190341092206843e-05,-0.000866464,0.088726816
1/30/2017,28.12980842590332,2280.899902,-0.002623873,-0.006009544,0.087467746
1/31/2017,28.065052032470703,2278.870117,-0.002302056,-0.000889905,0.088403394
2/1/2017,29.776473999023438,2279.550048828125,0.060980538,0.000298363,0.21871008338160358
2/2/2017,29.725597381591797,2280.850098,-0.001708618,0.000570309,0.21987833366919324
2/3/2017,29.85278893,2297.419922,0.004278856,0.007264758,0.21880176758113545
2/6/2017,30.13263511657715,2292.560059,0.009374206,-0.002115357,0.21928231424305406
2/7/2017,30.419408798217773,2293.080078,0.009517046,0.000226829,0.21881432015080163
2/8/2017,30.537364959716797,2294.669922,0.003877661,0.000693322,0.21840702440742832
2/9/2017,30.758024215698242,2307.870117,0.007225877,0.005752546,0.21801727204112076
2/10/2017,30.688335418701172,2316.100098,-0.002265711,0.00356605,0.219607559
2/13/2017,30.96010398864746,2328.25,0.008855761,0.005245845,0.21738514181317428
2/14/2017,31.3619442,2337.580078,0.012979291352131384,0.004007335,0.2170863148615088
2/15/2017,31.47576332092285,2349.25,0.003629211,0.004992309,0.2171782402443954
2/16/2017,31.438602447509766,2347.219970703125,-0.001180619,-0.000864118,0.21760466072647391
2/17/2017,31.52454376220703,2351.159912109375,0.002733624,0.001678557,0.21612985815913513
2/21/2017,31.752168655395508,2365.379883,0.007220561,0.006048066,0.21554549119286517
2/22/2017,31.84739875793457,2362.820068359375,0.002999168,-0.0010822,0.21489844319994586
2/23/2017,31.712678909301758,2363.810059,-0.004230168,0.000418987,0.21666359662370885
2/24/2017,31.742877960205078,2367.340087890625,0.000952271,0.001493364,0.21463147899388432
2/27/2017,31.80558967590332,2369.75,0.001975615,0.001017983,0.21423422916052537
2/28/2017,31.819530487060547,2363.639892578125,0.000438313,-0.002578376,0.21411732302264397
3/1/2017,32.469913482666016,2395.959961,0.020439742059360277,0.013673854659866258,0.2175034626146605
3/2/2017,32.27711486816406,2381.919922,-0.005937762,-0.005859881,0.21980298539807483
3/3/2017,32.467594146728516,2383.120117,0.005901373,0.000503877,0.097329193
3/6/2017,32.36536789,2375.310059,-0.003148563,-0.003277241,0.098540926
3/7/2017,32.40719223022461,2368.389892578125,0.001292256,-0.002913374,0.099006195
3/8/2017,32.286407470703125,2362.97998,-0.003727097,-0.002284215,0.1003314986358849
3/9/2017,32.212074279785156,2364.870117,-0.002302306,0.000799895,0.099471389
3/10/2017,32.31892013549805,2372.600098,0.00331695,0.00326867,0.099410169
3/13/2017,32.332855224609375,2373.469970703125,0.000431174,0.000366633,0.098312062
3/14/2017,32.28407287597656,2365.449951171875,-0.001508755,-0.003379027,0.097893626
3/15/2017,32.625526428222656,2385.260009765625,0.010576532693313823,0.008374753,0.099484326
3/16/2017,32.678958892822266,2381.379883,0.00163775,-0.00162671,0.091926162
3/17/2017,32.51635742,2378.25,-0.004975724,-0.001314315,0.094766058
3/20/2017,32.85778809,2373.469970703125,0.010500274050770697,-0.002009894,0.09904129
3/21/2017,32.481510162353516,2344.02002,-0.011451712,-0.012407973,0.10957016077354205
3/22/2017,32.848514556884766,2348.449951171875,0.011298871040688718,0.001889886,0.11313053053862884
3/23/2017,32.73236846923828,2345.959961,-0.003535809,-0.00106027,0.11440042810020704
3/24/2017,32.66734313964844,2343.97998,-0.001986576,-0.000843996,0.11328487591469379
3/27/2017,32.723087310791016,2341.590087890625,0.001706419,-0.001019587,0.11327430000906914
3/28/2017,33.40133285522461,2358.570068359375,0.020726820119137512,0.007251474,0.13148262600641697
3/29/2017,33.47566223144531,2361.129883,0.002225342,0.001085325,0.13129805638782965
3/30/2017,33.43153381347656,2368.060059,-0.001318224,0.00293511,0.11426750235034622
3/31/2017,33.368804931640625,2362.719970703125,-0.001876339,-0.002255047,0.11181428413277805
4/3/2017,33.37809371948242,2358.840087890625,0.000278367,-0.001642126,0.11078619750242898
4/4/2017,33.62663650512695,2360.159912109375,0.007446285,0.000559523,0.11145375331483914
4/5/2017,33.45243453979492,2352.949951171875,-0.005180475,-0.003054861,0.11408298553092952
4/6/2017,33.368804931640625,2357.489990234375,-0.002499956,0.001929509,0.11344692289193425
4/7/2017,33.29447937011719,2355.540039,-0.002227397,-0.00082713,0.1134147846746648
4/10/2017,33.25499344,2357.159912109375,-0.00118596,0.000687686,0.11362795559361485
4/11/2017,32.89728927612305,2353.780029296875,-0.010756405,-0.001433879,0.12116975537311775
4/12/2017,32.936771392822266,2344.929931640625,0.001200163,-0.003759951,0.12086772870160756
4/13/2017,32.762569427490234,2328.949951171875,-0.005288981,-0.006814694,0.1174444844589917
4/17/2017,32.94374465942383,2349.010009765625,0.005529946,0.008613349,0.11880029292989991
4/18/2017,32.79740524291992,2342.189941,-0.0044421,-0.00290338,0.11850945541608733
4/19/2017,32.67662048339844,2338.169922,-0.003682754,-0.001716351,0.11340814132174672
4/20/2017,33.08543395996094,2355.840087890625,0.012510886086589013,0.007557263,0.11393437722592234
4/21/2017,33.045955657958984,2348.689941,-0.001193223,-0.003035073,0.10761380077640181
4/24/2017,33.364158630371094,2374.149902,0.009629105,0.010840069,0.11129055401217934
4/25/2017,33.570892333984375,2388.610107421875,0.006196281,0.006090687,0.11219109515765904
4/26/2017,33.373443603515625,2387.449951171875,-0.005881545,-0.000485703,0.11491121330471823
4/27/2017,33.39900207519531,2388.77002,0.000765833,0.00055292,0.089688509
4/28/2017,33.366493225097656,2384.199951171875,-0.000973348,-0.001913147,0.089377767
5/1/2017,34.047061920166016,2388.330078,0.020396770211274395,0.001732291,0.1140280144458018
5/2/2017,34.26307678222656,2391.169922,0.006344596,0.00118905,0.11506327086563546
5/3/2017,34.158538818359375,2388.129883,-0.003051038,-0.001271361,0.11600447179210584
5/4/2017,34.03545379638672,2389.52002,-0.003603346,0.000582103,0.11472760564606126
5/5/2017,34.599876403808594,2399.290039,0.016583372,0.004088695,0.12520353208617674
5/8/2017,35.54059600830078,2399.379883,0.027188525,3.744597299082386e-05,0.152177364
5/9/2017,35.76823043823242,2396.919922,0.006404913,-0.001025249,0.1513408073986811
5/10/2017,35.598655700683594,2399.629883,-0.004740932,0.001130601,0.15320587026085947
5/11/2017,35.90652084350586,2394.439941,0.008648224,-0.002162809,0.14532990565994133
5/12/2017,36.40798568725586,2390.899902,0.013965843305609349,-0.001478441,0.1486811036831161
5/15/2017,36.31468582,2402.320068359375,-0.002562621,0.004776514,0.14663032457424224
5/16/2017,36.26103973388672,2400.669922,-0.001477256,-0.000686897,0.1482833641955203
5/17/2017,35.04356002807617,2357.030029296875,-0.033575422,-0.018178214,0.1970436660368576
5/18/2017,35.57767105102539,2365.719970703125,0.015241345985433474,0.003686818,0.19956360599275538
5/19/2017,35.69895935058594,2381.72998,0.003409113,0.0067675,0.19722680009659163
5/22/2017,35.91585922241211,2394.02002,0.006075804,0.005160131,0.196560436
5/23/2017,35.871559143066406,2398.419922,-0.001233441,0.001837872,0.19627502066653718
5/24/2017,35.764244079589844,2404.389892578125,-0.002991648,0.002489127,0.19728017840034626
5/25/2017,35.88786315917969,2415.070068359375,0.003456499,0.004441948,0.19456154528363376
5/26/2017,35.82723617553711,2415.820068359375,-0.001689345,0.00031055,0.19518700715806075
5/30/2017,35.84121322631836,2412.909912109375,0.000390124,-0.001204625,0.194857201
5/31/2017,35.62897872924805,2411.800048828125,-0.005921521,-0.000459969,0.1872558751955199
6/1/2017,35.72693634033203,2430.060059,0.00274938,0.007571113,0.1866741191342164
6/2/2017,36.25638198852539,2439.070068359375,0.014819228918760308,0.003707731,0.1907290893452613
6/5/2017,35.90187072753906,2436.100098,-0.0097779,-0.001217665,0.194547563
6/6/2017,36.02313995361328,2429.330078,0.003377797,-0.00277904,0.1878663044061159
6/7/2017,36.23772430419922,2433.139892578125,0.005956847,0.001568257,0.1649852553657722
6/8/2017,36.14909362792969,2433.790039,-0.002445812,0.000267205,0.16416336835982823
6/9/2017,34.747352600097656,2431.77002,-0.038776658,-0.000829989,0.21305841928646235
6/12/2017,33.91703414916992,2429.389892578125,-0.023895877,-0.000978763,0.22391410572141404
6/13/2017,34.189918518066406,2440.350098,0.008045644,0.004511505,0.21928178062654147
6/14/2017,33.856407165527344,2437.919922,-0.009754669,-0.000995831,0.22055543678661646
6/15/2017,33.65347671508789,2432.459961,-0.005993857,-0.002239598,0.22065580616335415
6/16/2017,33.182342529296875,2433.149902,-0.013999569,0.000283639,0.19603142134766788
6/19/2017,34.13161849975586,2453.459961,0.028607864849230058,0.008347229,0.21576739199762177
6/20/2017,33.821407318115234,2437.030029296875,-0.009088675,-0.006696637,0.2162462681662587
6/21/2017,34.021995544433594,2435.610107421875,0.005930807,-0.000582644,0.21617455167196645
6/22/2017,33.96602249145508,2434.5,-0.001645202,-0.000455782,0.21614916169150494
6/23/2017,34.11762237548828,2438.300048828125,0.00446328,0.001560916,0.2174771700457755
6/26/2017,34.01033401489258,2439.070068359375,-0.003144661,0.000315802,0.21653234584159395
6/27/2017,33.52286911010742,2419.379883,-0.014332847,-0.008072825,0.2203565219576711
6/28/2017,34.01266098022461,2440.689941,0.014610678713341763,0.008808066,0.22852368464865563
6/29/2017,33.51120376586914,2419.699951171875,-0.014743251,-0.008600023,0.23225365724847088
6/30/2017,33.59050369262695,2423.409912109375,0.002366371,0.001533232,0.2321418763910881
7/3/2017,33.469234466552734,2429.010009765625,-0.003610224,0.002310834,0.2230899025440836
7/5/2017,33.60682678222656,2432.540039,0.004111009,0.001453279,0.2235154505343375
7/6/2017,33.289634704589844,2409.75,-0.009438323,-0.009368824,0.22328367422127374
7/7/2017,33.62783432006836,2425.179931640625,0.010159306897767895,0.006403125,0.2260211325884736
7/10/2017,33.83306884765625,2427.429931640625,0.006103115,0.000927766,0.228429806
7/11/2017,33.94269943237305,2425.530029296875,0.003240338,-0.000782681,0.18850913011250484
7/12/2017,33.991668701171875,2443.25,0.001442704,0.007305608,0.1692664557347186
7/13/2017,34.46513748168945,2447.830078,0.013928965496808887,0.001874584,0.1738845333416309
7/14/2017,34.761348724365234,2459.27002,0.008594518,0.004673503,0.17193813934004384
7/17/2017,34.88263702392578,2459.139892578125,0.003489171,-5.29E-05,0.16998777141234786
7/18/2017,35.00389862060547,2460.610107421875,0.003476274,0.000597857,0.16005791658038712
7/19/2017,35.22316360473633,2473.830078,0.006264016,0.005372639,0.1302431462988396
7/20/2017,35.06455612182617,2473.449951171875,-0.004502931,-0.000153659,0.12644470374435263
7/21/2017,35.04823303222656,2472.540039,-0.000465515,-0.000367872,0.12571963250780863
7/24/2017,35.47271728515625,2469.909912109375,0.012111431,-0.001063735,0.130402201
7/25/2017,35.62432098388672,2477.129883,0.004273811,0.002923172,0.13036060162468324
7/26/2017,35.792240142822266,2477.830078,0.00471361,0.000282664,0.12922031311288404
7/27/2017,35.11586380004883,2475.419922,-0.01889729,-0.000972688,0.1374052517307147
7/28/2017,34.8686409,2472.100098,-0.007040206,-0.001341116,0.1332694299687884
7/31/2017,34.68905258178711,2470.300048828125,-0.005150425,-0.000728146,0.12250126879375664
8/1/2017,34.996925354003906,2476.350098,0.008875214,0.002449115,0.12501353194130313
8/2/2017,36.650550842285156,2477.570068359375,0.047250593346539915,0.000492649,0.19874428649508177
8/3/2017,36.28437042236328,2472.159912109375,-0.00999113,-0.002183654,0.20491655368123363
8/4/2017,36.475624084472656,2476.830078,0.005270965,0.001889104,0.19925888472071712
8/7/2017,37.04005432128906,2480.909912109375,0.015474176274798301,0.0016472,0.20201407618140063
8/8/2017,37.336273193359375,2474.919922,0.007997258,-0.002414433,0.20228755941127996
8/9/2017,37.56483459472656,2474.02002,0.006121698,-0.000363609,0.20225768910239847
8/10/2017,36.368324279785156,2438.209961,-0.031851872,-0.014474442,0.23900780578457514
8/11/2017,36.87409210205078,2441.320068359375,0.013906822276844588,0.00127557,0.2389954458099137
8/14/2017,37.42903137207031,2465.840087890625,0.015049571077810242,0.010043754544535322,0.24181661804858062
8/15/2017,37.83879852294922,2464.610107421875,0.010947842780261619,-0.000498808,0.2431359459028638
8/16/2017,37.686607360839844,2468.110107421875,-0.004022093,0.001420103,0.24471874156856027
8/17/2017,36.963069915771484,2430.010009765625,-0.019198795,-0.015436952,0.2568668803269484
8/18/2017,36.87877274,2425.550048828125,-0.002280578,-0.001835367,0.25622648744220355
8/21/2017,36.81086349487305,2428.370117,-0.001841418,0.001162651,0.25647326426429484
8/22/2017,37.412635803222656,2452.510009765625,0.016347682483281778,0.00994078,0.2588897617656373
8/23/2017,37.45946121,2444.040039,0.001251593,-0.003453593,0.258864738
8/24/2017,37.29321289,2438.969970703125,-0.004438086,-0.002074462,0.25982733526314955
8/25/2017,37.431365966796875,2443.050048828125,0.00370451,0.001672869,0.2483740107327419
8/28/2017,37.80834961,2444.239990234375,0.010071330095527964,0.000487072,0.24658545848111266
8/29/2017,38.145530700683594,2446.300048828125,0.008918165,0.000842822,0.24483450082654118
8/30/2017,38.24856185913086,2457.590087890625,0.002701002,0.004615149,0.2444245089747348
8/31/2017,38.40075684,2471.649902,0.003979103,0.005720976,0.18823881309299098
9/1/2017,38.41245651245117,2476.550048828125,0.000304673,0.001982541,0.1830823842819635
9/5/2017,37.95117950439453,2457.850098,-0.012008527,-0.007550807,0.18978448650089935
9/6/2017,37.91137695,2465.540039,-0.001048783,0.003128727,0.18348493592143755
9/7/2017,37.759178161621094,2465.100098,-0.004014594,-0.000178436,0.18257088286874487
9/8/2017,37.143367767333984,2461.429931640625,-0.016308893,-0.001488851,0.19039049121616097
9/11/2017,37.81537628173828,2488.110107421875,0.018092288201052575,0.010839299,0.16334703083536678
9/12/2017,37.66551971435547,2496.47998,-0.003962847,0.003363948,0.15846721072762365
9/13/2017,37.38219451904297,2498.370117,-0.007522137,0.000757121,0.15253792268425043
9/14/2017,37.06141281,2495.620117,-0.008581136,-0.001100718,0.14982965503816578
9/15/2017,37.436038970947266,2500.22998,0.010108253605322748,0.001847181,0.1541085094499374
9/18/2017,37.152740478515625,2503.870117,-0.007567534,0.001455921,0.14080301402750475
9/19/2017,37.16677474975586,2506.649902,0.000377745,0.001110195,0.14049441155230344
9/20/2017,36.54393768310547,2508.239990234375,-0.016757899,0.000634348,0.1524930881469903
9/21/2017,35.916412353515625,2500.600098,-0.017171804,-0.003045918,0.1505738665886505
9/22/2017,35.56518555,2502.219970703125,-0.009779006,0.000647794,0.15250205441905273
9/25/2017,35.251434326171875,2496.659912109375,-0.008821864,-0.00222205,0.15398046708452423
9/26/2017,35.85787582397461,2496.840087890625,0.017203314117419932,7.216672978804795e-05,0.16748834281937186
9/27/2017,36.113101959228516,2507.040039,0.007117715,0.004085144,0.16510389454589663
9/28/2017,35.89065170288086,2510.060059,-0.006159821,0.001204616,0.16059045528807583
9/29/2017,36.08734130859375,2519.360107421875,0.005480246,0.00370511,0.16208227049063723
10/2/2017,36.014739990234375,2529.120117,-0.002011822,0.003874003,0.16028271424114243
10/3/2017,36.171634674072266,2534.580078,0.004356402,0.002158838,0.16194172769336215
10/4/2017,35.93748474121094,2537.739990234375,-0.006473302,0.00124672,0.15908963572089435
10/5/2017,36.38471221923828,2552.070068359375,0.012444595976815576,0.005646787,0.16734138355083872
10/6/2017,36.363643646240234,2549.330078,-0.00057905,-0.001073634,0.1672181703788997
10/9/2017,36.490089416503906,2544.72998,0.003477258,-0.001804434,0.15935824662419157
10/10/2017,36.50413513183594,2550.639892578125,0.000384919,0.002322412,0.14397540081830448
10/11/2017,36.656333923339844,2555.239990234375,0.004169358,0.001803507,0.14507399029672097
10/12/2017,36.52754211425781,2550.929931640625,-0.003513494,-0.001686753,0.1435477729235102
10/13/2017,36.75934982299805,2553.169922,0.006346107,0.000878107,0.14300802777675503
10/16/2017,37.436038970947266,2557.639892578125,0.018408626681581275,0.001750753,0.15318548569871165
10/17/2017,37.57419967651367,2559.360107421875,0.00369058,0.000672579,0.15108678972085665
10/18/2017,37.407962799072266,2561.260009765625,-0.004424229,0.000742335,0.15208040991645258
10/19/2017,36.52286148071289,2562.100098,-0.023660773,0.000327998,0.16332946039033272
10/20/2017,36.586082458496094,2575.209961,0.001730997,0.005116843,0.15090900144317954
10/23/2017,36.567352294921875,2564.97998,-0.000511948,-0.003972484,0.14596159549132293
10/24/2017,36.785118103027344,2569.129883,0.005955198,0.001617908,0.1418869975026335
10/25/2017,36.6235466,2557.149902,-0.004392306,-0.00466305,0.132256042
10/26/2017,36.85769271850586,2560.399902,0.006393322,0.001270946,0.13185979902263648
10/27/2017,38.178314208984375,2581.070068359375,0.035830281091237204,0.008073022,0.17596384783756316
10/30/2017,39.03763961791992,2572.830078,0.022508207256917823,-0.003192471,0.18842748011870797
10/31/2017,39.58086395263672,2575.260009765625,0.013915399087485625,0.000944459,0.19028945696196722
11/1/2017,39.077457427978516,2579.360107421875,-0.012718432,0.00159211,0.19950526364541785
11/2/2017,39.36311721801758,2579.850098,0.007310092,0.000189966,0.19628380004854784
11/3/2017,40.39104461669922,2587.840087890625,0.026113973468827156,0.003097075,0.20864965550707493
11/6/2017,40.80080032348633,2591.129883,0.010144716747872984,0.001271251,0.20829915455028314
11/7/2017,40.93193435668945,2590.639892578125,0.003214006,-0.000189103,0.20833461515336746
11/8/2017,41.26676559448242,2594.379883,0.008180196,0.001443655,0.2076406772459893
11/9/2017,41.182464599609375,2584.620117,-0.00204283,-0.003761888,0.20941480730774406
11/10/2017,41.046173095703125,2582.300048828125,-0.003309455,-0.000897644,0.20930357509093564
11/13/2017,40.881675720214844,2584.840087890625,-0.004007618,0.000983634,0.21192723326081564
11/14/2017,40.263648986816406,2578.870117,-0.015117451,-0.002309609,0.21727089665644525
11/15/2017,39.73255539,2564.620117,-0.013190399,-0.005525676,0.22488119631919207
11/16/2017,40.207244873046875,2585.639892578125,0.011947116891685372,0.008196058,0.22544325374068516
11/17/2017,39.98400879,2578.850098,-0.005552136,-0.002625963,0.20578637751414822
11/20/2017,39.94405746459961,2582.139892578125,-0.000999183,0.001275683,0.20644881112833408
11/21/2017,40.68663024902344,2599.030029296875,0.018590319350554996,0.006541139,0.21141885777845798
11/22/2017,41.114315032958984,2597.080078,0.010511678684567594,-0.000750261,0.2122171543642896
11/24/2017,41.11667251586914,2602.419922,5.7339710226589347e-05,0.002056095,0.21018103481585337
11/27/2017,40.90986633300781,2601.419922,-0.00502974,-0.000384258,0.2133447741926187
11/28/2017,40.67018508911133,2627.040039,-0.005858764,0.009848513,0.18452742202049047
11/29/2017,39.82655334472656,2626.070068359375,-0.020743248,-0.000369226,0.1879426557168982
11/30/2017,40.383487701416016,2647.580078,0.013983995849924602,0.00819095,0.18800210145100216
12/1/2017,40.195491790771484,2642.219970703125,-0.004655267,-0.002024531,0.18257274869878284
12/4/2017,39.90176010131836,2639.439941,-0.007307578,-0.001052157,0.1836366952037085
12/5/2017,39.864166259765625,2629.570068359375,-0.00094216,-0.003739382,0.15870314371539124
12/6/2017,39.71610641479492,2629.27002,-0.003714109,-0.000114106,0.15410015225709373
12/7/2017,39.788963317871094,2636.97998,0.001834442,0.002932358,0.15367154019589038
12/8/2017,39.80070114135742,2651.5,0.000295002,0.005506306,0.149922193
12/11/2017,40.576194763183594,2659.989990234375,0.019484421117907047,0.003201957,0.1668536184695522
12/12/2017,40.34824752807617,2664.110107421875,-0.005617758,0.001548922,0.1675069132218582
12/13/2017,40.48218918,2662.850098,0.00331964,-0.000472957,0.16764185934027298
12/14/2017,40.470428466796875,2652.010009765625,-0.000290516,-0.004070859,0.15889696272112033
12/15/2017,40.881675720214844,2675.810059,0.010161673,0.008974344,0.15446134836115383
12/18/2017,41.45740509033203,2690.159912109375,0.014082822192939215,0.005362807,0.15646243566660265
12/19/2017,41.015621185302734,2681.469970703125,-0.010656333,-0.003230269,0.16031498112136863
12/20/2017,40.97097396850586,2679.25,-0.001088542,-0.000827893,0.16033116148395998
12/21/2017,41.126060485839844,2684.570068359375,0.003785278,0.001985656,0.1478846729030027
12/22/2017,41.126060485839844,2683.340087890625,0,-0.000458167,0.14337996650954626
12/26/2017,40.08270263671875,2680.5,-0.025369749,-0.001058415,0.16826496382268816
12/27/2017,40.089759826660156,2682.620117,0.000176066,0.000790941,0.16772130679656766
12/28/2017,40.20253372192383,2687.540039,0.002813035,0.001833999,0.16718701809146036
12/29/2017,39.76780319213867,2673.610107421875,-0.010813511,-0.005183153,0.15514068014672888
1/2/2018,40.479827880859375,2695.810059,0.017904551711859673,0.008303361,0.16011593637066346
1/3/2018,40.47278976,2713.060059,-0.000173867,0.006398819,0.15916686686616538
1/4/2018,40.66078186035156,2723.989990234375,0.004644901,0.004028636,0.15727145032131623
1/5/2018,41.123722076416016,2743.149902,0.011385423370716463,0.007033767,0.16115777558546107
1/8/2018,40.97097396850586,2747.709961,-0.003714355,0.001662344,0.16115787667234974
1/9/2018,40.966270446777344,2751.290039,-0.000114801,0.001302932,0.1612531476937921
1/10/2018,40.956871032714844,2748.22998,-0.000229443,-0.001112227,0.16131024052626405
1/11/2018,41.18950271606445,2767.560059,0.005679918,0.007033646,0.14839629804178872
1/12/2018,41.61485290527344,2786.239990234375,0.010326664833540056,0.006749603,0.15003673849075946
1/16/2018,41.403358459472656,2776.419922,-0.005082187,-0.003524488,0.15157889566714874
1/17/2018,42.087196350097656,2802.560059,0.016516484,0.009415052,0.1605314133422745
1/18/2018,42.12479019165039,2798.030029296875,0.000893237,-0.00161639,0.1577189349416224
1/19/2018,41.93680191040039,2810.300048828125,-0.004462652,0.004385235,0.1520199125429841
1/22/2018,41.59370803833008,2832.969970703125,-0.008181212,0.008066726,0.14994002483713126
1/23/2018,41.60309982299805,2839.129883,0.000225798,0.002174365,0.1498105271381856
1/24/2018,40.940433502197266,2837.540039,-0.015928292,-0.000559976,0.16003028689435114
1/25/2018,40.20959473,2839.25,-0.017851271,0.000602621,0.17134365012605196
1/26/2018,40.303592681884766,2872.870117,0.0023377,0.011841196508761032,0.1468579477993284
1/29/2018,39.4693718,2853.530029296875,-0.020698425,-0.006731974,0.16389841497658764
1/30/2018,39.23672866821289,2822.429931640625,-0.00589427,-0.010898816,0.16432744310886924
1/31/2018,39.34481430053711,2823.810059,0.002754706,0.000488985,0.16091470525721416
2/1/2018,39.427066802978516,2821.97998,0.002090555,-0.000648088,0.1468877069954948
2/2/2018,37.71632004,2762.129883,-0.043390161,-0.021208548,0.2070168657711094
2/5/2018,36.77399444580078,2648.939941,-0.024984558,-0.040979225,0.21789977352206327
2/6/2018,38.31085968017578,2695.139892578125,0.041792175626721884,0.017440920592313836,0.26624573729326306
2/7/2018,37.49072266,2681.659912109375,-0.021407429,-0.005001588,0.2736009807495134
2/8/2018,36.45911407470703,2581,-0.02751637,-0.03753642,0.28483677091410464
2/9/2018,36.90506362915039,2619.550048828125,0.012231497274716618,0.014936090208494734,0.29088326914939433
2/12/2018,38.39155197143555,2656,0.04027871,0.013914584754042503,0.32879304263803383
2/13/2018,38.776145935058594,2662.939941,0.010017671697908792,0.00261293,0.3286352800045933
2/14/2018,39.49107742,2698.629883,0.018437404512414934,0.013402458257245842,0.3368932514218804
2/15/2018,40.817134857177734,2731.199951171875,0.033578659,0.012069112762299383,0.35350682494020874
2/16/2018,40.68498992919922,2732.219970703125,-0.003237487,0.000373469,0.3534848990088214
2/20/2018,40.54813766479492,2716.260009765625,-0.003363704,-0.005841389,0.35338617346994683
2/21/2018,40.36410140991211,2701.330078,-0.00453871,-0.005496503,0.3527258474753968
2/22/2018,40.70150375366211,2703.959961,0.008358971,0.000973551,0.3542601042848725
2/23/2018,41.40937423706055,2747.300048828125,0.017391752591813026,0.016028376,0.35514156301015715
2/26/2018,42.22810363769531,2779.600098,0.019771595579969325,0.011757015343810906,0.3541845818620965
2/27/2018,42.09126663208008,2744.280029296875,-0.003240425,-0.012706888,0.354757703
2/28/2018,42.027549743652344,2713.830078,-0.001513779,-0.011095789,0.34517811846338625
3/1/2018,41.29138946533203,2677.669922,-0.017516136,-0.0133244,0.35133745568023284
3/2/2018,41.57688903808594,2691.25,0.006914264,0.005071603,0.35164596467541887
3/5/2018,41.72080993652344,2720.939941,0.00346156,0.011032026532745043,0.351640016
3/6/2018,41.685428619384766,2728.120117,-0.00084805,0.002638859,0.30937171530276875
3/7/2018,41.29846191,2726.800048828125,-0.009283021,-0.000483875,0.2946568058298387
3/8/2018,41.74912643432617,2738.969970703125,0.010912380252839693,0.004463078,0.2649189650306788
3/9/2018,42.46641540527344,2786.570068359375,0.017180933643620167,0.017378832,0.25123202140427525
3/12/2018,42.87697982788086,2783.02002,0.009667979,-0.001273985,0.21962999392484608
3/13/2018,42.46406173706055,2765.310059,-0.009630298,-0.006363577,0.22705466007093006
3/14/2018,42.10305404663086,2749.47998,-0.008501488,-0.005724522,0.19736731018455383
3/15/2018,42.15260696411133,2747.330078,0.001176944,-0.000781931,0.1966148606159093
3/16/2018,42.00395202636719,2752.010009765625,-0.003526589,0.001703447,0.19101438246873934
3/19/2018,41.36217117,2712.919922,-0.015279059,-0.014204195,0.16581661880234558
3/20/2018,41.34800720214844,2716.939941,-0.000342438,0.001481805,0.16525633397606956
3/21/2018,40.411293029785156,2711.929931640625,-0.022654397,-0.00184399,0.18387437994613162
3/22/2018,39.840293884277344,2643.689941,-0.014129693,-0.025162888,0.1897027897370103
3/23/2018,38.91772461,2588.260009765625,-0.023156688,-0.020966881,0.20205827326006143
3/26/2018,40.76521682739258,2658.550048828125,0.047471743,0.027157256,0.25773200607069846
3/27/2018,39.71995162963867,2612.620117,-0.025641105,-0.017276309,0.26045147422056986
3/28/2018,39.28109359741211,2605,-0.011048806,-0.002916657,0.26202348415447196
3/29/2018,39.58781814575195,2640.870117,0.007808452,0.013769718690019195,0.26473581954368924
4/2/2018,39.328269958496094,2581.879883,-0.006556264,-0.022337424,0.2596880722665051
4/3/2018,39.73174285888672,2614.449951171875,0.010259106256553352,0.012614865848792123,0.2614184459216602
4/4/2018,40.491512298583984,2644.689941,0.019122479534706027,0.011566483,0.2710176938901616
4/5/2018,40.772300720214844,2662.840087890625,0.006934501,0.006862864,0.27251279339851364
4/6/2018,39.72938537597656,2604.469970703125,-0.025579016,-0.021920249,0.2844052277336375
4/9/2018,40.12342834472656,2613.159912109375,0.009918174,0.003336549,0.28387044502561853
4/10/2018,40.87847137451172,2656.870117,0.018818009,0.016726954,0.2852982506170216
4/11/2018,40.687355041503906,2642.189941,-0.004675232,-0.005525364,0.28243440462530317
4/12/2018,41.088462829589844,2663.989990234375,0.009858291,0.00825075,0.2841622319200395
4/13/2018,41.22766876220703,2656.300048828125,0.003387957,-0.002886625,0.28341027686493914
4/16/2018,41.48487854003906,2677.840087890625,0.006238766,0.008109038,0.2844069318327616
4/17/2018,42.05587387084961,2706.389892578125,0.013763939,0.010661504701720004,0.28844971604548647
4/18/2018,41.96147918701172,2708.639892578125,-0.002244507,0.000831366,0.2831123991006579
4/19/2018,40.772300720214844,2693.129883,-0.028339765,-0.005726125,0.30064957893232747
4/20/2018,39.101768493652344,2670.139892578125,-0.040972234,-0.008536532,0.3234881703308726
4/23/2018,38.98850631713867,2670.290039,-0.0028966,5.623169212687351e-05,0.3202291977868875
4/24/2018,38.44581604003906,2634.560059,-0.013919237,-0.013380562,0.3136471101084241
4/25/2018,38.61334228515625,2639.399902,0.004357464,0.00183706,0.26205827685490335
4/26/2018,38.747833251953125,2666.939941,0.003483018,0.010434204774367295,0.2486583304431006
4/27/2018,38.299530029296875,2669.909912109375,-0.011569762,0.001113625,0.24892838869180106
4/30/2018,38.99322509765625,2648.050048828125,0.018112365,-0.008187491,0.2560251303503833
5/1/2018,39.89927673339844,2654.800048828125,0.023236129698762653,0.002549045,0.26781431388486704
5/2/2018,41.66183853149414,2635.669922,0.044175282,-0.007205864,0.30592919480802466
5/3/2018,41.737335205078125,2629.72998,0.00181213,-0.002253674,0.2998509349826582
5/4/2018,43.37482833862305,2663.419922,0.039233294,0.012811178963797909,0.3267406015718601
5/7/2018,43.68865203857422,2672.629883,0.007235157,0.003457946,0.30971314985291726
5/8/2018,43.89864730834961,2671.919922,0.004806632,-0.000265641,0.309136749
5/9/2018,44.20773696899414,2697.790039,0.007040984,0.00968222,0.30491331901595126
5/10/2018,44.84008026123047,2723.070068359375,0.014303905505948622,0.009370644,0.30526743697470893
5/11/2018,44.66954040527344,2727.719970703125,-0.003803291,0.001707596,0.3060905378223556
5/14/2018,44.56532669067383,2730.129883,-0.002332993,0.00088349,0.3069137220084384
5/15/2018,44.16028976,2711.449951171875,-0.009088611,-0.00684214,0.3100137549307895
5/16/2018,44.57242965698242,2722.459961,0.009332817,0.004060562,0.30848053791484525
5/17/2018,44.29056930541992,2720.129883,-0.006323648,-0.000855872,0.3096674677820343
5/18/2018,44.12950134277344,2712.969970703125,-0.00363662,-0.002632195,0.28958412228552044
5/21/2018,44.44215393066406,2733.010009765625,0.007084888,0.007386753,0.23914679667622982
5/22/2018,44.33082962036133,2724.439941,-0.002504926,-0.003135762,0.23896241929649142
5/23/2018,44.61507797241211,2733.290039,0.006411979,0.00324841,0.22745316629379572
5/24/2018,44.56532669067383,2727.760009765625,-0.001115123,-0.002023213,0.2291013673254955
5/25/2018,44.667171478271484,2721.330078,0.002285292,-0.00235722,0.22936698298712313
5/29/2018,44.50611114501953,2689.860107421875,-0.003605788,-0.011564187,0.22285763560902058
5/30/2018,44.41137695,2724.010009765625,-0.002128566,0.012695791223314323,0.22147514949578376
5/31/2018,44.262142181396484,2705.27002,-0.003360282,-0.00687956,0.214924107
6/1/2018,45.06035614013672,2734.620117,0.018033785067811836,0.010849230370481022,0.1691489741501351
6/4/2018,45.43696975708008,2746.870117,0.008357981,0.004479598,0.1697014381914523
6/5/2018,45.78752899169922,2748.800048828125,0.007715286,0.000702593,0.11322209299223643
6/6/2018,45.94622802734375,2772.350098,0.003465988,0.008567392,0.11202657243972058
6/7/2018,45.823055267333984,2770.370117,-0.002680802,-0.000714188,0.11301969179330622
6/8/2018,45.40616989135742,2779.030029296875,-0.009097721,0.003125904,0.11780035912688665
6/11/2018,45.29486083984375,2782,-0.002451408,0.001068708,0.1084222935080738
6/12/2018,45.54356002807617,2786.850098,0.005490671,0.001743385,0.10855142806250541
6/13/2018,45.16931915283203,2775.629883,-0.008217207,-0.004026128,0.11262779031678531
6/14/2018,45.193016052246094,2782.489990234375,0.000524624,0.00247155,0.10691636681492525
6/15/2018,44.728755950927734,2779.659912109375,-0.010272828,-0.001017103,0.1094873641552671
6/18/2018,44.705081939697266,2773.75,-0.000529279,-0.002126128,0.10695498716972249
6/19/2018,43.98264694213867,2762.590087890625,-0.01616002,-0.004023402,0.12089623204818922
6/20/2018,44.174503326416016,2767.320068359375,0.004362093,0.001712154,0.1192046143929088
6/21/2018,43.92816925048828,2749.760009765625,-0.005576386,-0.006345511,0.12040201668548478
6/22/2018,43.80027389526367,2754.879883,-0.002911466,0.001861935,0.11805775064780098
6/25/2018,43.14889144897461,2717.070068359375,-0.014871652,-0.013724669,0.1276718339753818
6/26/2018,43.6842041,2723.060059,0.012406173938927845,0.002204577,0.13600095360260672
6/27/2018,43.6202507,2699.629883,-0.001463994,-0.008604355,0.13569070198296393
6/28/2018,43.93764114379883,2716.310059,0.007276218,0.00617869,0.13851874693847369
6/29/2018,43.84526443481445,2718.370117,-0.00210245,0.000758403,0.13825682908396328
7/2/2018,44.33557129,2726.709961,0.011182663865033637,0.003067957,0.12842569148254793
7/3/2018,43.56340408325195,2713.219970703125,-0.017416426,-0.004947351,0.13621785947883103
7/5/2018,43.91395950317383,2736.610107421875,0.008047016,0.008620804,0.13651950069330196
7/6/2018,44.52269744873047,2759.820068359375,0.013862060093047246,0.008481282,0.14612999737899396
7/9/2018,45.140899658203125,2784.169922,0.013885102316285813,0.008822986,0.1553586142888689
7/10/2018,45.08641815185547,2793.840087890625,-0.001206921,0.003473267,0.15233942386852928
7/11/2018,44.501380920410156,2774.02002,-0.012975908,-0.007094203,0.15845835345275144
7/12/2018,45.24748229980469,2798.290039,0.016765802857419576,0.008749043,0.1685829026715701
7/13/2018,45.318546295166016,2801.310059,0.001570562,0.001079237,0.16615159149816863
7/16/2018,45.21905517578125,2798.429931640625,-0.002195373,-0.001028136,0.16635359148249104
7/17/2018,45.346961975097656,2809.550048828125,0.002828604,0.003973699,0.1622199652920533
7/18/2018,45.09825516,2815.620117,-0.005484531,0.002160513,0.16359684828854984
7/19/2018,45.44881057739258,2804.489990234375,0.007773148,-0.003952993,0.15365240452540999
7/20/2018,45.344600677490234,2801.830078,-0.002292907,-0.000948448,0.15387833736068748
7/23/2018,45.38486862182617,2806.97998,0.000888043,0.001838049,0.1518597291727129
7/24/2018,45.71410369873047,2820.399902,0.007254292,0.004780911,0.15213874168619798
7/25/2018,46.14518356323242,2846.070068359375,0.00942991,0.009101605,0.14089131424948156
7/26/2018,46.00069808959961,2837.439941,-0.003131106,-0.003032296,0.13841301353933175
7/27/2018,45.235652923583984,2818.820068359375,-0.016631164,-0.006562209,0.15308055080819258
7/30/2018,44.982200622558594,2802.600098,-0.005602932,-0.00575417,0.15375135019957992
7/31/2018,45.07220458984375,2816.290039,0.00200088,0.004884729,0.15330931015487612
8/1/2018,47.72742462158203,2813.360107421875,0.058910365177402335,-0.001040352,0.25030693994097764
8/2/2018,49.122528076171875,2827.219970703125,0.029230646020631745,0.004926445,0.2530257609916283
8/3/2018,49.26464080810547,2840.350098,0.002893026,0.004644183,0.2530927042452642
8/6/2018,49.52044677734375,2850.399902,0.005192486,0.003538227,0.25130579194389985
8/7/2018,49.05619812011719,2858.449951171875,-0.009374888,0.002824182,0.25407361974774345
8/8/2018,49.089359283447266,2857.699951171875,0.000675983,-0.00026238,0.25366261444783855
8/9/2018,49.47544860839844,2853.580078,0.007865031,-0.001441674,0.2460652268829569
8/10/2018,49.32807922363281,2833.280029296875,-0.002978637,-0.007113888,0.24383704935106512
8/13/2018,49.64657974243164,2821.929931640625,0.006456779,-0.004005992,0.24375314273755785
8/14/2018,49.85576248168945,2839.959961,0.004213437,0.006389255,0.24255565568772613
8/15/2018,49.97222137451172,2818.370117,0.002335916,-0.007602165,0.2426112758918139
8/16/2018,50.704322814941406,2840.689941,0.014650168039219702,0.007919408,0.24194050997866567
8/17/2018,51.71687316894531,2850.129883,0.019969704707416547,0.003323116,0.24689393514521837
8/20/2018,51.212974548339844,2857.050048828125,-0.009743408,0.002428018,0.2514617099767454
8/21/2018,51.11314774,2862.959961,-0.001949248,0.002068536,0.2523687899717892
8/22/2018,51.11552429199219,2861.820068359375,4.64959898140993e-05,-0.000398152,0.2530773267091643
8/23/2018,51.22010040283203,2856.97998,0.002045878,-0.001691262,0.2529069632339418
8/24/2018,51.37934875488281,2874.689941,0.003109099,0.00619884,0.2512668512908692
8/27/2018,51.80244064331055,2896.739990234375,0.008234668,0.007670409,0.23822703109184537
8/28/2018,52.22078323364258,2897.52002,0.008075731,0.000269278,0.23408946913067857
8/29/2018,53.00040817260742,2914.040039,0.0149294,0.005701434,0.23473289349705792
8/30/2018,53.48767852783203,2901.129883,0.009193709,-0.004430329,0.14417123611985405
8/31/2018,54.105682373046875,2901.52002,0.011554134750740186,0.000134478,0.1181312997203275
9/4/2018,54.27918625,2896.719970703125,0.003206759,-0.001654322,0.11807789872651984
9/5/2018,53.925025939941406,2888.600098,-0.00652479,-0.002803127,0.12421986376675344
9/6/2018,53.02893829345703,2878.050048828125,-0.016617287,-0.003652305,0.136082124
9/7/2018,52.60108184814453,2871.679931640625,-0.008068358,-0.002213345,0.14182130904145193
9/10/2018,51.89514923095703,2877.129883,-0.013420496,0.001897827,0.1520510401846946
9/11/2018,53.20721435546875,2887.889892578125,0.025283001,0.003739842,0.17008973887904325
9/12/2018,52.54642105102539,2888.919922,-0.012419243,0.000356672,0.17854567218077627
9/13/2018,53.81568908691406,2904.179931640625,0.024155176,0.005282254,0.1933327555742427
9/14/2018,53.20482635498047,2904.97998,-0.011351016,0.000275482,0.2002541538015933
9/17/2018,51.788185119628906,2888.800048828125,-0.026626179,-0.005569722,0.22021773355267607
9/18/2018,51.873756408691406,2904.310059,0.001652332,0.005369015,0.209312188
9/19/2018,51.90465164,2907.949951171875,0.000595585,0.001253273,0.20614708617570154
9/20/2018,52.299224853515625,2930.75,0.007601885,0.007840592,0.2072414565560395
9/21/2018,51.73588943481445,2929.669922,-0.010771391,-0.000368533,0.2113308863990731
9/24/2018,52.47986602783203,2919.370117,0.014380280326580008,-0.003515688,0.21660442819620318
9/25/2018,52.81263351,2915.560059,0.00634086,-0.001305096,0.21724298381540383
9/26/2018,52.39191818237305,2905.969970703125,-0.007966187,-0.003289278,0.21806853725241052
9/27/2018,53.468658447265625,2914,0.020551648083288576,0.002763287,0.22751471634670323
9/28/2018,53.656436920166016,2913.97998,0.003511935,-6.87E-06,0.222224206
10/1/2018,54.017738342285156,2924.590087890625,0.006733608,0.003641105,0.22119757538686327
10/2/2018,54.49787139892578,2923.429931640625,0.008888433,-0.00039669,0.21971626164965172
10/3/2018,55.16102981567383,2925.510009765625,0.012168519608659834,0.00071152,0.2233045918240713
10/4/2018,54.19123840332031,2901.610107421875,-0.017581097,-0.008169482,0.23106253363009832
10/5/2018,53.311790466308594,2885.570068359375,-0.0162286,-0.005527979,0.23070686568472332
10/8/2018,53.18818664550781,2884.429931640625,-0.002318508,-0.000395117,0.22891492347534204
10/9/2018,53.925025939941406,2880.340087890625,0.013853439,-0.001417904,0.22731722475043215
10/10/2018,51.42688751220703,2785.679931640625,-0.046326142,-0.032864229,0.26656968412983895
10/11/2018,50.972896575927734,2728.370117,-0.008827891,-0.020573008,0.2649989959557225
10/12/2018,52.79362487792969,2767.129883,0.035719538,0.014206197825152422,0.28151577523833715
10/15/2018,51.664581298828125,2750.790039,-0.021385983,-0.005904979,0.2883354611828619
10/16/2018,52.803123474121094,2809.919922,0.022037189631086695,0.0214956,0.28358942869124576
10/17/2018,52.57495117,2809.209961,-0.004321189,-0.000252662,0.2841912077014467
10/18/2018,51.34608078,2768.780029296875,-0.023373686,-0.014391922,0.29627399804643534
10/19/2018,52.12808609008789,2767.780029296875,0.015230088,-0.00036117,0.3000080272866405
10/22/2018,52.44659423828125,2755.879883,0.006110106,-0.004299528,0.2980536187794292
10/23/2018,52.94097900390625,2740.689941,0.009426442,-0.00551183,0.29569829938593906
10/24/2018,51.12501907348633,2656.100098,-0.034301593,-0.030864434,0.31837403703148864
10/25/2018,52.24455261230469,2705.570068359375,0.021897958,0.018625040052811848,0.32724155648425146
10/26/2018,51.41262435913086,2658.689941,-0.015923732,-0.017327264,0.3228403795060881
10/29/2018,50.44761657714844,2641.25,-0.01876986,-0.0065596,0.32752948208645477
10/30/2018,50.69955062866211,2682.629883,0.004993973,0.015666780052058682,0.32695119161926184
10/31/2018,52.02112579345703,2711.739990234375,0.026066802,0.010851331974038647,0.3398571699968028
11/1/2018,52.81977462768555,2740.370117,0.015352394,0.010557843693063784,0.3417027592401323
11/2/2018,49.31618881225586,2723.060059,-0.06633095,-0.006316686,0.40572830445333546
11/5/2018,47.91619110107422,2738.310059,-0.028388198,0.005600317,0.41241596855955776
11/6/2018,48.434356689453125,2755.449951171875,0.010813997867357372,0.006259296,0.4158827688175546
11/7/2018,49.903297424316406,2813.889892578125,0.030328486538629962,0.021208856064105275,0.4285746382856093
11/8/2018,49.72917175292969,2806.830078,-0.003489262,-0.002508916,0.3991046139856265
11/9/2018,48.770320892333984,2781.010009765625,-0.019281456,-0.009199014,0.4032132856612404
11/12/2018,46.31355667114258,2726.219970703125,-0.050374166,-0.019701489,0.4124891884224646
11/13/2018,45.850826263427734,2722.179931640625,-0.009991252,-0.00148192,0.40896904532511785
11/14/2018,44.55565643310547,2701.580078,-0.02824747,-0.007567411,0.40360583728554866
11/15/2018,45.65523910522461,2730.199951171875,0.024678856965557605,0.010593753366266334,0.41891444022128604
11/16/2018,46.16088867,2736.27002,0.011075389737527974,0.002223305,0.418283189
11/19/2018,44.33144760131836,2690.72998,-0.039631843,-0.016643109,0.4283656948312524
11/20/2018,42.21339035,2641.889892578125,-0.04777776,-0.018151241,0.4473131957193673
11/21/2018,42.165679931640625,2649.929931640625,-0.00113022,0.003043291,0.4430410580270345
11/23/2018,41.094722747802734,2632.560059,-0.025398788,-0.006554842,0.43803479198550876
11/26/2018,41.65047836303711,2673.449951171875,0.013523770890122133,0.015532368,0.43126481936452477
11/27/2018,41.559852600097656,2682.169922,-0.002175864,0.003261692,0.4316659438436428
11/28/2018,43.157920837402344,2743.790039,0.038452211,0.022973979644221654,0.46106431570199236
11/29/2018,42.826393127441406,2737.800048828125,-0.007681735,-0.002183108,0.4589969731932359
11/30/2018,42.59502410888672,2760.169922,-0.005402487,0.008170748,0.4425642286845745
12/3/2018,44.08340072631836,2790.370117,0.034942499706699603,0.010941426132194287,0.46101977901818525
12/4/2018,42.14420700073242,2700.060059,-0.043989204,-0.032364903,0.4310238071651708
12/6/2018,41.67432785,2695.949951171875,-0.011149318,-0.001522228,0.424382583
12/7/2018,40.188350677490234,2633.080078,-0.035656896,-0.023320119,0.4312719180957351
12/10/2018,40.45309829711914,2637.719970703125,0.006587671,0.001762154,0.411743414
12/11/2018,40.22174072265625,2636.780029296875,-0.005719156,-0.000356346,0.4113970601068042
12/12/2018,40.33385086,2651.070068359375,0.002787302,0.005419504,0.41204427036155233
12/13/2018,40.77509689331055,2650.540039,0.010939843910265479,-0.00019993,0.3879059954609564
12/14/2018,39.470394134521484,2599.949951171875,-0.031997539,-0.01908671,0.3982822372252033
12/17/2018,39.10308074951172,2545.939941,-0.009306048,-0.020773481,0.3907691931558359
12/18/2018,39.61112976074219,2546.159912109375,0.012992557146199069,8.640058610476231e-05,0.38122469902284556
12/19/2018,38.375587463378906,2506.959961,-0.031191796,-0.015395715,0.38482477434120177
12/20/2018,37.407196044921875,2467.419922,-0.025234569,-0.015772106,0.3731937369143871
12/21/2018,35.95220947265625,2416.620117,-0.0388959,-0.020588228,0.3623120094040009
12/24/2018,35.02199172973633,2351.100098,-0.02587373,-0.027112254,0.36705330230336053
12/26/2018,37.48829269,2467.699951171875,0.070421494,0.049593743,0.4518963798168303
12/27/2018,37.24499512,2488.830078,-0.006489962,0.008562681,0.4474235665286046
12/28/2018,37.26408767700195,2485.739990234375,0.000512621,-0.001241583,0.44772930703607206
12/31/2018,37.62424850463867,2506.850098,0.009665092,0.008492484,0.423112243
1/2/2019,37.667179107666016,2510.030029296875,0.001141035,0.001268497,0.4238204189162308
1/3/2019,33.915245056152344,2447.889892578125,-0.099607514,-0.02475673,0.5341113988439171
1/4/2019,35.36306381225586,2531.939941,0.042689320207075276,0.034335715,0.5429700037026528
1/7/2019,35.284358978271484,2549.689941,-0.002225623,0.007010435,0.5290024011657019
1/8/2019,35.95699691772461,2574.409912109375,0.019063345882727845,0.009695285,0.5369476973200672
1/9/2019,36.56760787963867,2584.959961,0.016981700760807072,0.004098045,0.5318051366823872
1/10/2019,36.68447494506836,2596.639892578125,0.003195918,0.004518419,0.5310883613304908
1/11/2019,36.324317932128906,2596.260009765625,-0.009817696,-0.000146298,0.5314352281122694
1/14/2019,35.77810287475586,2582.610107421875,-0.015037173,-0.005257525,0.5320277807836458
1/15/2019,36.51036071777344,2610.300048828125,0.020466648,0.010721688622945758,0.5366605953196508
1/16/2019,36.956390380859375,2616.100098,0.012216523044890293,0.002221985,0.5301323942669789
1/17/2019,37.17582702636719,2635.959961,0.005937719,0.0075914,0.5303280808568707
1/18/2019,37.404808044433594,2670.709961,0.006159406,0.013183053,0.5284414714806347
1/22/2019,36.565223693847656,2632.899902,-0.022445894,-0.014157306,0.5232357740614672
1/23/2019,36.713096618652344,2638.699951171875,0.004044086,0.002202913,0.5164785836702195
1/24/2019,36.42210006713867,2642.330078,-0.007926233,0.001375726,0.498194103
1/25/2019,37.62902832,2664.760009765625,0.033137250486628744,0.008488694,0.4998749410012723
1/28/2019,37.28078842163086,2643.850098,-0.009254555,-0.007846827,0.43875660562681956
1/29/2019,36.89437484741211,2640,-0.010364952,-0.001456247,0.43969589113273266
1/30/2019,39.41554260253906,2681.050048828125,0.068334747,0.015549261,0.4995260247829462
1/31/2019,39.69937515258789,2704.100098,0.007201031,0.008597396,0.4991945102114736
2/1/2019,39.71846389770508,2706.530029296875,0.000480832,0.00089861,0.49923143093536876
2/4/2019,40.84666442871094,2724.870117,0.028404938668110224,0.006776237,0.33888069062360804
2/5/2019,41.54552459716797,2737.699951171875,0.017109357109850176,0.00470842,0.3178746502010042
2/6/2019,41.559852600097656,2731.610107421875,0.000344875,-0.002224438,0.3169675315235043
2/7/2019,40.77271652,2706.050048828125,-0.018939819,-0.00935714,0.32743661135766705
2/8/2019,40.82063293457031,2707.879883,0.001175208,0.000676201,0.3254517100628719
2/11/2019,40.585872650146484,2709.800048828125,-0.00575102,0.000709103,0.32770001749581085
2/12/2019,40.935611724853516,2744.72998,0.008617261,0.012890225,0.3233747620330149
2/13/2019,40.765541076660156,2753.030029296875,-0.004154589,0.003023995,0.31662349392933087
2/14/2019,40.91405487060547,2745.72998,0.003643121,-0.002651642,0.3125558254445147
2/15/2019,40.823028564453125,2775.600098,-0.002224818,0.010878753,0.31271756377239246
2/19/2019,40.94520187,2779.760009765625,0.002992755,0.001498743,0.3127643766464834
2/20/2019,41.20868682861328,2784.699951171875,0.006435063,0.001777111,0.3127810449996641
2/21/2019,40.97633361816406,2774.879883,-0.005638452,-0.003526437,0.29946744294016236
2/22/2019,41.43385696411133,2792.669922,0.011165551076645297,0.006411102,0.3000159029917816
2/25/2019,41.73568344116211,2796.110107421875,0.007284537,0.001231863,0.2957532741782763
2/26/2019,41.75965118408203,2793.899902,0.000574275,-0.000790457,0.2801297657833338
2/27/2019,41.88899612426758,2792.379883,0.003097366,-0.000544049,0.2753732650407106
2/28/2019,41.476985931396484,2784.489990234375,-0.009835762,-0.002825508,0.27499000829698317
3/1/2019,41.91294479370117,2803.689941,0.010510861686665596,0.006895321,0.15657756401417272
3/4/2019,42.123748779296875,2792.810059,0.005029568,-0.003880558,0.1560189419176483
3/5/2019,42.04709243774414,2789.649902,-0.001819789,-0.001131533,0.15666550107752247
3/6/2019,41.80515670776367,2771.449951171875,-0.005753923,-0.006524099,0.12834813761404246
3/7/2019,41.32127762,2748.929931640625,-0.011574627,-0.008125718,0.12165757452583739
3/8/2019,41.41948699951172,2743.070068359375,0.002376727,-0.002131689,0.12198165022351685
3/11/2019,42.854347229003906,2783.300048828125,0.034642153571556866,0.014666041867757107,0.15471746297298247
3/12/2019,43.335845947265625,2791.52002,0.011235703012548504,0.002953318,0.15759700279897276
3/13/2019,43.52747344970703,2810.919922,0.004421917,0.006949584,0.15447170336273575
3/14/2019,44.01134490966797,2808.47998,0.011116460975388653,-0.000868022,0.15577601321997017
3/15/2019,44.583858489990234,2822.47998,0.013008318230159466,0.004984903,0.1564921868288879
3/18/2019,45.039005279541016,2832.939941,0.010208779701132542,0.003705947,0.15778265505717942
3/19/2019,44.68206024169922,2832.570068359375,-0.007925242,-0.000130562,0.16208071694937012
3/20/2019,45.07253646850586,2824.22998,0.008738993,-0.002944354,0.16269130023248538
3/21/2019,46.73257064819336,2854.879883,0.036830281,0.010852481049954399,0.197319532
3/22/2019,45.76481628417969,2800.709961,-0.020708349,-0.018974501,0.2147339809642199
3/25/2019,45.21147155761719,2798.360107421875,-0.012091051,-0.000839021,0.22181176549425968
3/26/2019,44.74435043334961,2818.459961,-0.010331916,0.007182726,0.22711202912485517
3/27/2019,45.14679718017578,2805.370117,0.008994359,-0.004644325,0.2276565921101544
3/28/2019,45.20667648,2815.439941,0.001326324,0.003589482,0.2278098106437825
3/29/2019,45.50130844116211,2834.399902,0.006517443,0.00673428,0.22251877953572097
4/1/2019,45.810325622558594,2867.189941,0.006791391,0.011568600124275408,0.22162659577415386
4/2/2019,46.47626495361328,2867.239990234375,0.014536883,1.745570720723677e-05,0.22443137221038398
4/3/2019,46.79485321044922,2873.399902,0.006854859,0.002148377,0.22322195110851006
4/4/2019,46.87628936767578,2879.389892578125,0.00174028,0.002084635,0.22007536410292916
4/5/2019,47.19009780883789,2892.739990234375,0.006694396,0.004636433,0.2110709037076026
4/8/2019,47.93267822265625,2895.77002,0.015735937162632663,0.00104746,0.21290567785772957
4/9/2019,47.78895187,2878.199951171875,-0.002998504,-0.006067494,0.19018747224064422
4/10/2019,48.05725860595703,2888.209961,0.005614409,0.003477872,0.18895916121363382
4/11/2019,47.65721130371094,2888.320068359375,-0.008324389,3.8123067008344336e-05,0.19453028191139732
4/12/2019,47.63804244995117,2907.409912109375,-0.000402224,0.006609324,0.1936068869064183
4/15/2019,47.72427749633789,2905.580078,0.001810214,-0.000629369,0.1907969249429683
4/16/2019,47.72905731201172,2907.060059,0.000100155,0.000509358,0.18940313939086603
4/17/2019,48.65849685668945,2900.449951171875,0.019473243,-0.002273812,0.1935287131856754
4/18/2019,48.83335494995117,2905.030029296875,0.003593578,0.001579092,0.19280692496795865
4/22/2019,48.99386215209961,2907.969970703125,0.003286835,0.001012018,0.1511122890933044
4/23/2019,49.70051193237305,2933.679931640625,0.014423231,0.008841206,0.13145202403431974
4/24/2019,49.62385177612305,2927.25,-0.001542442,-0.002191763,0.11977393341637137
4/25/2019,49.17351150512695,2926.169922,-0.009075077,-0.000368974,0.11788088560037582
4/26/2019,48.93877029418945,2939.879883,-0.004773733,0.004685292,0.12092161530461995
4/29/2019,49.01301956176758,2943.030029296875,0.001517187,0.001071522,0.12087271795123403
4/30/2019,48.069210052490234,2945.830078,-0.019256302,0.000951417,0.14446981466232867
5/1/2019,50.42871856689453,2923.72998,0.049085652,-0.007502163,0.21620252160997955
5/2/2019,50.100547790527344,2917.52002,-0.006507617,-0.002123986,0.2163931001333589
5/3/2019,50.723358154296875,2945.639892578125,0.012431208664095417,0.009638279,0.21828148557374574
5/6/2019,49.94004821777344,2932.469970703125,-0.015442785,-0.004470988,0.22834197569520304
5/7/2019,48.593833923339844,2884.050048828125,-0.026956608,-0.016511651,0.2503887405480189
5/8/2019,48.60340118408203,2879.419922,0.000196882,-0.001605425,0.24499580527759293
5/9/2019,48.08119583129883,2870.719970703125,-0.010744214,-0.003021425,0.24795009377402324
5/10/2019,47.41510772705078,2881.399902,-0.013853401,0.003720297,0.25193564721494044
5/13/2019,44.65936279296875,2811.870117,-0.058119554,-0.024130557,0.32096275670713925
5/14/2019,45.366329193115234,2834.409912109375,0.015830195,0.008015945,0.3274109211996598
5/15/2019,45.909786224365234,2850.959961,0.011979303613845804,0.005838975,0.3308262952893288
5/16/2019,45.70779800415039,2876.320068359375,-0.004399677,0.008895287,0.3308959900852111
5/17/2019,45.44810104370117,2859.530029296875,-0.005681677,-0.005837333,0.3218204216734516
5/20/2019,44.026939392089844,2840.22998,-0.03126999,-0.006749378,0.33514015598175073
5/21/2019,44.87097168,2864.360107421875,0.019170814488851384,0.008495836,0.34430620663310174
5/22/2019,43.952396392822266,2856.27002,-0.020471482,-0.002824396,0.3420532095523322
5/23/2019,43.20213699,2822.239990234375,-0.017069818,-0.01191415,0.3439485871613664
5/24/2019,43.03622055053711,2826.060059,-0.003840468,0.001353559,0.34390457202299896
5/28/2019,42.85827637,2802.389892578125,-0.004134754,-0.008375677,0.34394282728079867
5/29/2019,42.653873443603516,2783.02002,-0.004769275,-0.006911912,0.34288255140663115
5/30/2019,42.87510299682617,2788.860107421875,0.005186623,0.002098471,0.34176311328026093
5/31/2019,42.09840012,2752.060059,-0.018115476,-0.013195373,0.2811553305130073
6/3/2019,41.67277908325195,2744.449951171875,-0.010110147,-0.00276524,0.281125373
6/4/2019,43.19732666015625,2803.27002,0.036583775079138015,0.021432370568193138,0.3143566725782173
6/5/2019,43.894676208496094,2826.149902,0.01614335,0.008161855,0.3231322466853255
6/6/2019,44.53913497924805,2843.489990234375,0.014681934722352796,0.006135587,0.321173496
6/7/2019,45.72462844848633,2873.340087890625,0.026616895,0.010497697,0.3380606696633001
6/10/2019,46.30896759033203,2886.72998,0.012779527394170653,0.004660044,0.34080490421347864
6/11/2019,46.84519577026367,2885.719970703125,0.011579359416416635,-0.00034988,0.34063782804701087
6/12/2019,46.69611740112305,2879.840087890625,-0.003182362,-0.002037579,0.2688483091568974
6/13/2019,46.686492919921875,2891.639892578125,-0.000206109,0.004097382,0.2643527005809142
6/14/2019,46.347442626953125,2886.97998,-0.007262278,-0.001611512,0.2631411030466084
6/17/2019,46.62397003173828,2889.669922,0.0059664,0.000931749,0.2631183828745588
6/18/2019,47.72050476074219,2917.75,0.023518691,0.0097174,0.27292971605979616
6/19/2019,47.581016540527344,2926.459961,-0.002923025,0.002985164,0.2450180323063614
6/20/2019,47.96337127685547,2954.179931640625,0.008035867,0.009472185,0.23919279261469234
6/21/2019,47.79984664916992,2950.459961,-0.003409365,-0.001259223,0.22470349995329164
6/24/2019,47.75176239013672,2945.350098,-0.00100595,-0.001731887,0.21217701406654826
6/25/2019,47.02796173095703,2917.379883,-0.01515757,-0.009496397,0.22144592058151166
6/26/2019,48.04513168334961,2913.780029296875,0.021629046,-0.001233934,0.22696117494479215
6/27/2019,48.030704498291016,2924.919922,-0.000300284,0.003823176,0.2249193965709659
6/28/2019,47.593055725097656,2941.760009765625,-0.009111854,0.005757453,0.2307600872876044
7/1/2019,48.46595383,2964.330078,0.018340871131464764,0.007672301,0.21882924286307825
7/2/2019,48.74970245361328,2973.010009765625,0.005854597,0.002928126,0.2100803981284104
7/3/2019,49.15368652,2995.820068359375,0.008286903,0.007672379,0.18182407772940012
7/5/2019,49.110389709472656,2990.409912109375,-0.000880846,-0.001805902,0.17968267210806882
7/8/2019,48.09803771972656,2975.949951171875,-0.020613805,-0.004835444,0.19748055828746963
7/9/2019,48.391395568847656,2979.629883,0.006099165,0.001236557,0.17950552880562964
7/10/2019,48.869930267333984,2993.070068359375,0.009888839,0.00451069,0.17774391359892236
7/11/2019,48.514034271240234,2999.909912109375,-0.007282515,0.002285227,0.17778201578031708
7/12/2019,48.886756896972656,3013.77002,0.007682779,0.004620175,0.17798495058948427
7/15/2019,49.34605407714844,3014.300048828125,0.009395125,0.000175869,0.1794205838390159
7/16/2019,49.17531204223633,3004.040039,-0.003460095,-0.003403779,0.17722995657841897
7/17/2019,48.89879227,2984.419922,-0.005623142,-0.006531244,0.17922577708478274
7/18/2019,49.45426559448242,2995.110107421875,0.011359653314246376,0.003581998,0.16554182071766096
7/19/2019,48.71603012084961,2976.610107421875,-0.01492764,-0.006176735,0.17477950000508666
7/22/2019,49.829383850097656,2985.030029296875,0.022853950260030453,0.002828695,0.18905691551628342
7/23/2019,50.218936920166016,3005.469970703125,0.007817738,0.006847483,0.18909455595630761
7/24/2019,50.178070068359375,3019.560059,-0.000813774,0.004688148,0.18905183727028158
7/25/2019,49.78129196166992,3003.669922,-0.007907401,-0.005262401,0.1820933569046169
7/26/2019,49.954429626464844,3025.860107421875,0.003477966,0.007387691,0.1687833597271422
7/29/2019,50.420936584472656,3020.969970703125,0.00933865,-0.001616115,0.17048620846852705
7/30/2019,50.20452117919922,3013.179931640625,-0.004292173,-0.002578655,0.16718172664580888
7/31/2019,51.22890090942383,2980.379883,0.020404133,-0.010885526,0.16976236653288357
8/1/2019,50.12034606933594,2953.560059,-0.021639247,-0.008998794,0.18895282515995324
8/2/2019,49.059898376464844,2932.050048828125,-0.021158028,-0.00728274,0.20245671579828553
8/5/2019,46.49170684814453,2844.739990234375,-0.052348081,-0.02977782,0.2718461650060476
8/6/2019,47.37181854248047,2881.77002,0.018930509,0.013017017169932643,0.2730915086329431
8/7/2019,47.862369537353516,2883.97998,0.010355333824331625,0.000766876,0.274796014
8/8/2019,48.91802215576172,2938.090087890625,0.022056004,0.018762303409984193,0.2836148928900285
8/9/2019,48.51491165161133,2918.649902,-0.008240532,-0.006616606,0.2839526135403429
8/12/2019,48.39181900024414,2882.699951171875,-0.002537213,-0.012317322,0.28274337341944195
8/13/2019,50.44112777709961,2926.320068359375,0.042348248509632036,0.015131688322181258,0.3178863929224715
8/14/2019,48.93974304199219,2840.600098,-0.029765091,-0.029292753,0.3353645689531788
8/15/2019,48.695945739746094,2847.600098,-0.004981581,0.002464268,0.3352367235697266
8/16/2019,49.844913482666016,2888.679931640625,0.023594731049285667,0.014426124657807904,0.3430417082323438
8/19/2019,50.774227142333984,2923.649902,0.018644102,0.012105865492430645,0.3436090791457238
8/20/2019,50.776641845703125,2900.510009765625,4.755765877773044e-05,-0.007914728,0.3353160104910191
8/21/2019,51.326988220214844,2924.429931640625,0.010838573692684816,0.008246799,0.3362393195224436
8/22/2019,51.28354263305664,2922.949951171875,-0.000846447,-0.000506075,0.3362418714018158
8/23/2019,48.91318893432617,2847.110107421875,-0.046220553,-0.025946337,0.37352105533145186
8/26/2019,49.842498779296875,2878.379883,0.018999166998055594,0.010982987735216332,0.37946356875363085
8/27/2019,49.28009033203125,2869.159912109375,-0.011283713,-0.003203181,0.37990807812699223
8/28/2019,49.61076736450195,2887.939941,0.006710155,0.00654548,0.3805501448240395
8/29/2019,50.450775146484375,2924.580078,0.016931965107709113,0.012687291793508804,0.37835481704517504
8/30/2019,50.385616302490234,2926.459961,-0.001291533,0.000642787,0.37048408752101786
9/3/2019,49.65180969238281,2906.27002,-0.014563811,-0.006899101,0.36630453535051305
9/4/2019,50.49422836303711,2937.780029296875,0.016966525,0.010842079212828093,0.31456300425692507
9/5/2019,51.48146438598633,2976,0.019551462710773793,0.013009813642266721,0.31493830724906424
9/6/2019,51.47663879394531,2978.709961,-9.37E-05,0.000910605,0.31442712201327166
9/9/2019,51.69630432128906,2978.429931640625,0.004267286,-9.40E-05,0.30727070613710317
9/10/2019,52.30699539,2979.389892578125,0.011813050827796934,0.000322304,0.30603116491056226
9/11/2019,53.97009277,3000.929931640625,0.031794932,0.007229681,0.3199129563051199
9/12/2019,53.84939956665039,3009.570068359375,-0.002236298,0.002879153,0.29101284082362205
9/13/2019,52.801822662353516,3007.389892578125,-0.019453827,-0.000724414,0.278168683
9/16/2019,53.079410552978516,2997.959961,0.005257165,-0.003135587,0.2763648434704576
9/17/2019,53.27251052856445,3005.699951171875,0.003637945,0.002581752,0.26726833182755355
9/18/2019,53.77216720581055,3006.72998,0.009379259,0.000342692,0.2624535179511328
9/19/2019,53.335269927978516,3006.790039,-0.008124971,1.997472142156731e-05,0.2650735200527889
9/20/2019,52.55561447143555,2992.070068359375,-0.014618009,-0.004895577,0.26958653536357524
9/23/2019,52.79458999633789,2991.780029296875,0.004547098,-9.69E-05,0.26970155805277224
9/24/2019,52.54353713989258,2966.600098,-0.004755276,-0.008416371,0.20852721254241052
9/25/2019,53.352176666259766,2984.870117,0.015389895130475395,0.006158572,0.2054992273443756
9/26/2019,53.077003479003906,2977.620117,-0.005157675,-0.002428916,0.20105977078062134
9/27/2019,52.81870651245117,2961.790039,-0.004866457,-0.005316352,0.20280730716812506
9/30/2019,54.06182861328125,2976.739990234375,0.023535640740028896,0.005047607,0.2096703725384381
10/1/2019,54.211483001708984,2940.25,0.002768208,-0.012258373,0.2090012587842062
10/2/2019,52.85251235961914,2887.610107421875,-0.025067948,-0.017903203,0.2231737618801922
10/3/2019,53.30147933959961,2910.629883,0.008494714,0.007971913,0.2184071342637396
10/4/2019,54.795616149902344,2952.010009765625,0.028031807537332032,0.014216897585460186,0.2284127749219166
10/7/2019,54.80768585205078,2938.790039,0.000220268,-0.004478295,0.22836049857103763
10/8/2019,54.16561508178711,2893.060059,-0.011714977,-0.015560819,0.23396349704200553
10/9/2019,54.80044174194336,2919.399902,0.011720104,0.009104493,0.23391623231518308
10/10/2019,55.5390625,2938.129883,0.013478372337486277,0.006415695,0.21245977041635913
10/11/2019,57.01631164550781,2970.27002,0.026598381,0.010938977513132997,0.22899194116402702
10/14/2019,56.93424606323242,2966.149902,-0.001439335,-0.001387119,0.2149844334084675
10/15/2019,56.801483154296875,2995.679931640625,-0.002331864,0.009955677,0.2158891286259408
10/16/2019,56.57217025756836,2989.689941,-0.004037093,-0.001999543,0.2173788032693243
10/17/2019,56.791831970214844,2997.949951171875,0.003882858,0.002762832,0.21616247940515143
10/18/2019,57.06458664,2986.199951171875,0.004802709,-0.003919345,0.2126204437875656
10/21/2019,58.05424499511719,3006.719970703125,0.017342776211919597,0.006871616,0.20742955647636915
10/22/2019,57.921485900878906,2995.989990234375,-0.002286811,-0.003568666,0.20889295967937307
10/23/2019,58.69871902,3004.52002,0.013418735926584713,0.002847149,0.20822743506912528
10/24/2019,58.79527664,3010.290039,0.00164497,0.001920446,0.20531763471167405
10/25/2019,59.51942062,3022.550048828125,0.012316363206261505,0.004072701,0.20364571019377922
10/28/2019,60.115631103515625,3039.419922,0.010017074653749791,0.005581338,0.20055834555867494
10/29/2019,58.725284576416016,3036.889892578125,-0.02312787,-0.000832405,0.2145577479279495
10/30/2019,58.71803665161133,3046.77002,-0.000123421,0.00325337,0.21500619291270015
10/31/2019,60.04561996459961,3037.560059,0.022609464,-0.003022861,0.1967348224719548
11/1/2019,61.7497673,3066.909912109375,0.028380876737918337,0.009662312,0.21122582774216284
11/4/2019,62.15527344,3078.27002,0.006566926,0.003704089,0.1970551436521951
11/5/2019,62.065982818603516,3074.620117,-0.001436574,-0.001185699,0.19775955842989842
11/6/2019,62.0925293,3076.780029296875,0.000427714,0.000702497,0.1882906513341067
11/7/2019,62.809146881103516,3085.179931640625,0.011541124066668962,0.002730095,0.1882302389155656
11/8/2019,62.981048583984375,3093.080078,0.00273689,0.002560676,0.18694579564139985
11/11/2019,63.47977828979492,3087.010009765625,0.007918727,-0.001962467,0.17167811431176713
11/12/2019,63.42168045043945,3091.840087890625,-0.000915218,0.001564646,0.17143283513811325
11/13/2019,64.02936553955078,3094.040039,0.009581662,0.000711535,0.16979122064477029
11/14/2019,63.58631896972656,3096.629883,-0.006919428,0.000837043,0.17216680031879955
11/15/2019,64.34169769,3120.459961,0.011879579371533833,0.007695488,0.17336453855633607
11/18/2019,64.66609954833984,3122.030029296875,0.00504186,0.000503153,0.1733453950078898
11/19/2019,64.46997833251953,3120.179931640625,-0.003032829,-0.000592594,0.17094307655720598
11/20/2019,63.71946716308594,3108.459961,-0.011641251,-0.003756184,0.1788945298709573
11/21/2019,63.433799743652344,3103.540039,-0.004483205,-0.001582752,0.17854061281139916
11/22/2019,63.37811279296875,3110.290039,-0.000877875,0.002174936,0.1791302956671679
11/25/2019,64.48935699,3133.639892578125,0.017533564075821406,0.007507291,0.1831798996832646
11/26/2019,63.985774993896484,3140.52002,-0.007808761,0.00219557,0.18605211606114194
11/27/2019,64.84525299072266,3153.629883,0.013432329,0.004174424,0.16292863195421253
11/29/2019,64.70241547,3140.97998,-0.002202745,-0.00401122,0.16387384329430194
12/2/2019,63.95429992675781,3113.870117,-0.011562405,-0.008631021,0.1594671868024328
12/3/2019,62.81400680541992,3093.199951171875,-0.017829812,-0.006638095,0.14684354505192482
12/4/2019,63.368412017822266,3112.760009765625,0.00882614,0.006323567,0.1481535710296626
12/5/2019,64.29811096191406,3117.429931640625,0.014671330943725192,0.001500251,0.15520722884861243
12/6/2019,65.54009246826172,3145.909912109375,0.019315987,0.009135724,0.16658602645032636
12/9/2019,64.62252807617188,3135.959961,-0.014000047,-0.003162821,0.17275080838847362
12/10/2019,65.00021362304688,3132.52002,0.005844487,-0.001096934,0.17338522201108375
12/11/2019,65.55461883544922,3141.629883,0.008529283,0.002908158,0.17367997924132247
12/12/2019,65.72166442871094,3168.570068359375,0.00254819,0.008575226,0.17346486084968468
12/13/2019,66.61503601074219,3168.800048828125,0.013593258627834892,7.258178414493166e-05,0.1762794108782661
12/16/2019,67.75534821,3191.449951171875,0.017117940079478977,0.007147785,0.1806600484015853
12/17/2019,67.88851165771484,3192.52002,0.001965357,0.000335292,0.17782474519069424
12/18/2019,67.72629547,3191.139892578125,-0.00238945,-0.0004323,0.17841088378637407
12/19/2019,67.79407501220703,3205.370117,0.001000786,0.004459292,0.1774464713589851
12/20/2019,67.65367889404297,3221.219970703125,-0.00207092,0.004944781,0.17084026636591343
12/23/2019,68.75767517089844,3224.010009765625,0.016318348,0.000866144,0.17464895102469905
12/24/2019,68.82303619384766,3223.379883,0.0009506,-0.000195448,0.1741324278899087
12/26/2019,70.18849182128906,3239.909912109375,0.019840096,0.005128167,0.17655926998811197
12/27/2019,70.16187286376953,3240.02002,-0.00037925,3.398471712534601e-05,0.17206404170250247
12/30/2019,70.57826996,3221.290039,0.005934806,-0.005780822,0.16906837206238398
12/31/2019,71.09395599365234,3230.780029296875,0.007306584,0.002946022,0.1678087422230108
1/2/2020,72.71607971191406,3257.850098,0.022816619156859952,0.008378803,0.16847714337995273
1/3/2020,72.00911712646484,3234.850098,-0.009722232,-0.007059871,0.15577742174102896
1/6/2020,72.58290863,3246.280029296875,0.007968317,0.003533373,0.15564932861188424
1/7/2020,72.24154663085938,3237.179931640625,-0.004703063,-0.002803239,0.15734337709330115
1/8/2020,73.40364837646484,3253.050048828125,0.016086335,0.004902451,0.1541639372774355
1/9/2020,74.96281433105469,3274.699951171875,0.021240987186268434,0.006655263,0.14626044751777556
1/10/2020,75.13227844238281,3265.350098,0.002260642,-0.002855179,0.14718231109744212
1/13/2020,76.73740387,3288.129883,0.021363992421406852,0.006976215,0.15539025238515922
1/14/2020,75.70120239257812,3283.149902,-0.013503213,-0.001514533,0.1710868226380366
1/15/2020,75.37679290771484,3289.290039,-0.004285394,0.001870197,0.1733494262443628
1/16/2020,76.32099914550781,3316.810059,0.012526484629678647,0.008366553,0.17032833956745405
1/17/2020,77.16593933105469,3329.620117,0.011070874267984587,0.003862162,0.17070644655969322
1/21/2020,76.64299774169922,3320.790039,-0.006776845,-0.002651978,0.17412168385411264
1/22/2020,76.91658020019531,3321.75,0.003569569,0.000289076,0.1734250774337504
1/23/2020,77.28699493408203,3325.540039,0.004815798,0.001140977,0.17096702702189406
1/24/2020,77.06426239013672,3295.469970703125,-0.002881889,-0.009042161,0.16988665106027426
1/27/2020,74.79817199707031,3243.629883,-0.029405204,-0.015730712,0.20832499505407984
1/28/2020,76.91413879394531,3276.239990234375,0.028289017503768443,0.010053584595046017,0.21821291359103007
1/29/2020,78.52416229248047,3273.399902,0.020932737774630006,-0.000866874,0.22465534256941275
1/30/2020,78.41035461425781,3283.659912109375,-0.001449333,0.003134359,0.22591623960908072
1/31/2020,74.93374633789062,3225.52002,-0.044338637,-0.01770582,0.2831946186016471
2/3/2020,74.72795104980469,3248.919922,-0.002746363,0.007254614,0.2739646457428966
2/4/2020,77.19500732421875,3297.590087890625,0.033013835,0.014980414164082134,0.2914587602392293
2/5/2020,77.82450103759766,3334.689941,0.008154591,0.011250596,0.29149562756012753
2/6/2020,78.73477172851562,3345.780029296875,0.011696453928798256,0.003325673,0.29122531701460225
2/7/2020,77.66456604003906,3327.709961,-0.013592542,-0.005400854,0.2941826297192294
2/10/2020,78.03343963623047,3352.090087890625,0.004749574,0.007326398,0.2866463261537296
2/11/2020,77.56263732910156,3357.75,-0.00603334,0.001688473,0.28801335738179934
2/12/2020,79.40457916259766,3379.449951171875,0.023747797869232423,0.006462646,0.2901769345197761
2/13/2020,78.83914184570312,3373.939941,-0.007120966,-0.001630446,0.28676136208104214
2/14/2020,78.85856628417969,3380.159912109375,0.000246381,0.001843533,0.2859199129312725
2/18/2020,77.41461944580078,3370.290039,-0.01831059,-0.002919943,0.29192562792843857
2/19/2020,78.53578949,3386.149902,0.014482665573655185,0.004705786,0.2936663320446814
2/20/2020,77.73007202148438,3373.22998,-0.010259239,-0.00381552,0.29507301708797257
2/21/2020,75.97067260742188,3337.75,-0.022634733,-0.010518103,0.30578276346022404
2/24/2020,72.36203002929688,3225.889892578125,-0.047500469,-0.033513627,0.34562310589616163
2/25/2020,69.91098022460938,3128.209961,-0.033872043,-0.030279996,0.3618889645625157
2/26/2020,71.02001953,3116.389892578125,0.015863592572690433,-0.003778541,0.35637773248051596
2/27/2020,66.37755584716797,2978.760009765625,-0.065368381,-0.044163243,0.40031525566041837
2/28/2020,66.33872985839844,2954.219970703125,-0.000584926,-0.00823834,0.38837356489544034
3/2/2020,72.51492309570312,3090.22998,0.093100867,0.046039229006110016,0.5225150051335289
3/3/2020,70.21190643310547,3003.370117,-0.03175921,-0.028107896,0.5117435188462365
3/4/2020,73.46865844726562,3130.120117,0.046384612,0.042202591,0.539141854
3/5/2020,71.08553314208984,3023.939941,-0.032437305,-0.033922077,0.5358998505169862
3/6/2020,70.14152526855469,2972.370117,-0.013279887,-0.017053852,0.5352287055529965
3/9/2020,64.59386444091797,2746.560059,-0.079092389,-0.075969697,0.5903774214287879
3/10/2020,69.24601745605469,2882.22998,0.072021593,0.049396306,0.6526912999043838
3/11/2020,66.84108734,2741.379883,-0.03473023,-0.048868445,0.659816593
3/12/2020,60.24021530151367,2480.639892578125,-0.098754708,-0.095112681,0.7330510118858566
3/13/2020,67.45748901367188,2711.02002,0.11980823235830718,0.09287125,0.8556156682529426
3/16/2020,58.77928924560547,2386.129883,-0.128646943,-0.119840552,0.9547757705728954
3/17/2020,61.36381912231445,2529.189941,0.043970077,0.05995485,0.9737585877484296
3/18/2020,59.861637115478516,2398.100098,-0.02447993,-0.051830763,0.9746500403669625
3/19/2020,59.40297317504883,2409.389892578125,-0.007662068,0.004707808,0.9705454354942639
3/20/2020,55.631736755371094,2304.919922,-0.063485651,-0.043359512,0.9871130365746884
3/23/2020,54.449886322021484,2237.399902,-0.021244176,-0.029293868,0.9869707883398859
3/24/2020,59.91259766,2447.330078,0.10032548648350814,0.09382774,1.054109021587516
3/25/2020,59.58255386352539,2475.560059,-0.005508755,0.011535011448221999,1.0495179388320057
3/26/2020,62.71796798706055,2630.070068359375,0.052623023,0.062414163303876835,1.066534352158462
3/27/2020,60.12130355834961,2541.469970703125,-0.041402241,-0.033687353,1.0522239650751353
3/30/2020,61.83704758,2626.649902,0.028538037550857487,0.033516009,1.0577523780010796
3/31/2020,61.710845947265625,2584.590087890625,-0.002040874,-0.016012722,1.000655781418048
4/1/2020,58.463809967041016,2470.5,-0.052616942,-0.04414243,1.0100498866794527
4/2/2020,59.43936538696289,2526.899902,0.016686484,0.022829347,0.995500048
4/3/2020,58.58513641357422,2488.649902,-0.014371435,-0.015137125,0.9919099935241638
4/6/2020,63.695945739746094,2663.679931640625,0.087237304,0.070331319,1.0440248427569943
4/7/2020,62.95820999145508,2659.409912109375,-0.011582146,-0.001603053,1.0071754867111513
4/8/2020,64.56961059570312,2749.97998,0.025594765233426298,0.034056453,0.978173733
4/9/2020,65.03554535,2789.820068359375,0.007216007,0.014487410153376512,0.9709912742572832
4/13/2020,66.31203461,2761.629883,0.019627563,-0.010104661,0.9027394813890275
4/14/2020,69.66101837158203,2846.060059,0.050503408,0.030572589146256046,0.8209918067092222
4/15/2020,69.02519226074219,2783.360107421875,-0.009127431,-0.022030439,0.6704278988564245
4/16/2020,69.57366180419922,2799.550048828125,0.007945933,0.005816689,0.6579205048095046
4/17/2020,68.62962341308594,2874.560059,-0.013568905,0.026793594848223412,0.6524474260874472
4/20/2020,67.20509338378906,2823.159912109375,-0.020756781,-0.017881048,0.657790752
4/21/2020,65.12776947021484,2736.560059,-0.030910215,-0.030674796,0.6227449777696711
4/22/2020,67.00367736816406,2799.310059,0.028803502917555512,0.022930247703843776,0.6169889526549655
4/23/2020,66.74402618408203,2797.800048828125,-0.003875178,-0.000539422,0.5248232411933941
4/24/2020,68.67088317871094,2836.739990234375,0.028869355128720908,0.013918057304545428,0.5290930723805206
4/27/2020,68.71942901611328,2878.47998,0.000706935,0.014714069804799612,0.5029842935662018
4/28/2020,67.60552215576172,2863.389892578125,-0.016209489,-0.005242381,0.48089187296257363
4/29/2020,69.82605743408203,2939.510009765625,0.032845472,0.026583916282167053,0.48365547951985305
4/30/2020,71.29910278320312,2912.429931640625,0.021095926123448905,-0.009212446,0.4853039864223556
5/1/2020,70.15124512,2830.709961,-0.016099188,-0.028059034,0.443112209
5/4/2020,71.14379119873047,2842.739990234375,0.014148659512527972,0.004249828,0.44265009990570037
5/5/2020,72.21158599853516,2868.439941,0.015008966795457157,0.009040556,0.4347708144192229
5/6/2020,72.95660400390625,2848.419922,0.010317153335840157,-0.00697941,0.33316700580509395
5/7/2020,73.7113266,2881.189941,0.010344815325757706,0.011504630788313985,0.3266062071866061
5/8/2020,75.46578979492188,2929.800048828125,0.023801813,0.016871538638701944,0.32542793855213875
5/11/2020,76.65326690673828,2930.189941,0.015735304,0.000133078,0.32662014640513576
5/12/2020,75.77725219726562,2870.120117,-0.011428276,-0.020500318,0.33045346467368647
5/13/2020,74.86229705810547,2820,-0.012074272,-0.017462725,0.29482811233945977
5/14/2020,75.32218933105469,2852.5,0.006143176,0.011524823,0.29124667687210837
5/15/2020,74.87692260742188,2863.699951171875,-0.005911495,0.003926363,0.2930270266419997
5/18/2020,76.64109802246094,2953.909912109375,0.023561003225100352,0.031501192,0.29373814081028893
5/19/2020,76.19821166992188,2922.939941,-0.005778706,-0.010484399,0.2812267884748912
5/20/2020,77.68014526367188,2971.610107421875,0.019448403857160068,0.0166511,0.2499858168021595
5/21/2020,77.10100555419922,2948.510009765625,-0.007455441,-0.007773596,0.2444567827764326
5/22/2020,77.59741211,2955.449951171875,0.006438393,0.002353711,0.2413631449108028
5/26/2020,77.07180786132812,2991.77002,-0.006773477,0.012289184036080147,0.23267239281069663
5/27/2020,77.40760040283203,3036.129883,0.004356879,0.014827297215913804,0.2320454407758937
5/28/2020,77.44166564941406,3029.72998,0.000440076,-0.002107915,0.21895836150489298
5/29/2020,77.36621856689453,3044.310059,-0.000974244,0.004812336,0.19819816601195753
6/1/2020,78.31768035888672,3055.72998,0.012298155572506131,0.003751235,0.19140502569188886
6/2/2020,78.68025207519531,3080.820068359375,0.0046295,0.008210833,0.1760843905176775
6/3/2020,79.11336517333984,3122.870117,0.005504724,0.013648979133831007,0.17328145958559157
6/4/2020,78.43203735351562,3112.350098,-0.008612044,-0.003368702,0.17560944010165672
6/5/2020,80.66587067,3193.929931640625,0.028481133327185715,0.026211650818398713,0.19413694439643356
6/8/2020,81.14279938,3232.389892578125,0.005912398,0.012041579421169235,0.19316543689336524
6/9/2020,83.70512390136719,3207.179931640625,0.031577966,-0.007799171,0.20442752214128895
6/10/2020,85.85864258,3190.139892578125,0.025727441480110302,-0.005313091,0.2137420647170856
6/11/2020,81.73654938,3002.100098,-0.04801023,-0.058944059,0.2781198084621494
6/12/2020,82.44221496582031,3041.310059,0.008633415,0.013060843963234703,0.27245959793291596
6/15/2020,83.46179962158203,3066.590087890625,0.012367264,0.008312217,0.273712373
6/16/2020,85.67372131347656,3124.739990234375,0.026502204624432313,0.018962398,0.280321172
6/17/2020,85.55448913574219,3113.489990234375,-0.001391701,-0.0036003,0.2745480918152996
6/18/2020,85.58855438232422,3115.340087890625,0.00039817,0.00059422,0.2722040241192901
6/19/2020,85.09944152832031,3097.739990234375,-0.005714699,-0.005649495,0.27012800495437983
6/22/2020,87.32595062,3117.860107421875,0.026163615815238073,0.006495096,0.27642358702276804
6/23/2020,89.18992614746094,3131.290039,0.021345035600687012,0.00430742,0.2814359725416036
6/24/2020,87.61554718017578,3050.330078,-0.017651982,-0.025855146,0.29042748393202295
6/25/2020,88.77870178222656,3083.760009765625,0.013275664416714017,0.010959447267809841,0.2913234097208859
6/26/2020,86.05089569091797,3009.050048828125,-0.030725907,-0.024226905,0.31851081081339255
6/29/2020,88.03408051,3053.239990234375,0.023046649294348187,0.014685678433118632,0.32345060824979055
6/30/2020,88.76895141601562,3100.290039,0.008347573,0.015409875731554612,0.32282710988020247
7/1/2020,88.60104370117188,3115.860107421875,-0.001891514,0.005022133,0.32401022251328626
7/2/2020,88.60104370117188,3130.010009765625,0,0.004541251,0.324649071
7/6/2020,90.97114562988281,3179.719970703125,0.026750270986701574,0.015881726,0.3282232437219713
7/7/2020,90.68885803222656,3145.320068359375,-0.003103045,-0.010818532,0.3206816917156637
7/8/2020,92.80104064941406,3169.939941,0.023290431,0.007827462,0.32636629149073265
7/9/2020,93.20011138916016,3152.050048828125,0.004300283,-0.005643606,0.313504458
7/10/2020,93.36314392089844,3185.040039,0.001749274,0.010466201,0.3047154827722445
7/13/2020,92.93244171142578,3155.219970703125,-0.004613193,-0.009362541,0.24162121692317357
7/14/2020,94.47032165527344,3197.52002,0.016548364763976586,0.013406370782667931,0.24415075919482737
7/15/2020,95.12003326416016,3226.560059,0.006877415,0.009082051,0.2432611239486731
7/16/2020,93.94957733154297,3215.570068359375,-0.012305041,-0.003406101,0.23989044159745837
7/17/2020,93.75978088378906,3224.72998,-0.002020195,0.002848612,0.2400950325511431
7/20/2020,95.73567199707031,3251.840087890625,0.021073973239445598,0.008406939,0.24627028278446134
7/21/2020,94.41432189941406,3257.300048828125,-0.013802066,0.001679037,0.2524126495456768
7/22/2020,94.67957305908203,3276.02002,0.002809438,0.005747082,0.24051659522977567
7/23/2020,90.3700943,3235.659912109375,-0.045516457,-0.01231986,0.2867278800555186
7/24/2020,90.14622497558594,3215.629883,-0.00247725,-0.0061904,0.27915337353653835
7/27/2020,92.28273010253906,3239.409912109375,0.023700439231168602,0.007395139,0.2869195020018918
7/28/2020,90.76674652,3218.439941,-0.016427598,-0.006473392,0.27015497518916565
7/29/2020,92.50658416748047,3258.439941,0.019168227,0.012428382,0.26678441813959486
7/30/2020,93.62593841552734,3246.219970703125,0.012100266,-0.003750252,0.26813446960247694
7/31/2020,103.42749786376953,3271.120117,0.10468850421280962,0.007670505,0.4426490073708488
8/3/2020,106.03363800048828,3294.610107421875,0.025197749,0.007181023,0.44568472134278003
8/4/2020,106.74174499511719,3306.510009765625,0.006678135,0.00361193,0.4409839254934147
8/5/2020,107.12865447998047,3327.77002,0.003624725,0.006429743,0.4394635750653842
8/6/2020,110.86630249023438,3349.159912109375,0.03488934,0.006427696,0.44622800510342825
8/7/2020,108.34564971923828,3351.280029296875,-0.022735969,0.00063303,0.45935119099845356
8/10/2020,109.9204330444336,3360.469970703125,0.014534809,0.002742218,0.4594410638182478
8/11/2020,106.65144348144531,3333.689941,-0.029739599,-0.007969132,0.47620271989694773
8/12/2020,110.19590759277344,3380.350098,0.033234094,0.013996549490237653,0.4838672876718588
8/13/2020,112.1461181640625,3373.429931640625,0.017697668,-0.002047174,0.48506095786901415
8/14/2020,112.04615020751953,3372.850098,-0.000891408,-0.000171883,0.48054124423417627
8/17/2020,111.75361633300781,3381.989990234375,-0.002610834,0.002709843,0.4807138670558892
8/18/2020,112.68484497070312,3389.780029296875,0.008332873,0.002303389,0.4786429067291249
8/19/2020,112.82623291015625,3374.850098,0.00125472,-0.004404395,0.47272258101078307
8/20/2020,115.32981872558594,3385.510009765625,0.022189749235209222,0.003158633,0.47432587331849213
8/21/2020,121.27304077148438,3397.159912109375,0.051532397,0.003441107,0.45010660013969683
8/24/2020,122.72348022460938,3431.280029296875,0.011960114497813867,0.010043718303008653,0.4460159137007804
8/25/2020,121.71669006347656,3443.620117,-0.008203729,0.003596351,0.451972373
8/26/2020,123.37194061279297,3478.72998,0.013599207704819927,0.010195626139483993,0.4385723272349538
8/27/2020,121.89710235595703,3484.550048828125,-0.011954406,0.001673044,0.44805810439117594
8/28/2020,121.69964599609375,3508.010009765625,-0.001619861,0.006732565,0.4511428244109062
8/31/2020,125.82672882080078,3500.310059,0.033912036,-0.002194963,0.31621986786265854
9/1/2020,130.8387451171875,3526.649902,0.039832684,0.007525003,0.3291356083933509
9/2/2020,128.12794494628906,3580.840087890625,-0.020718635,0.015365910154807594,0.3461387364469231
9/3/2020,117.86993408203125,3455.060059,-0.080060684,-0.035125844,0.46378701014659424
9/4/2020,117.94793701171875,3426.959961,0.000661771,-0.008133027,0.4509466606450201
9/8/2020,110.0106430053711,3331.840087890625,-0.067294895,-0.027756342,0.506421525
9/9/2020,114.39857482910156,3398.959961,0.03988643,0.020144986,0.5221883500909519
9/10/2020,110.66395568847656,3339.189941,-0.032645679,-0.017584797,0.5245357893251908
9/11/2020,109.21106719970703,3340.969970703125,-0.013128832,0.000533072,0.5145666584232768
9/14/2020,112.48738861083984,3383.540039,0.029999902895753383,0.012741829089357504,0.5215898792242536
9/15/2020,112.66291046142578,3401.199951171875,0.001560369,0.00521936,0.5215666539052354
9/16/2020,109.33782958984375,3385.489990234375,-0.029513536,-0.004618947,0.5319953275719707
9/17/2020,107.5924072265625,3357.010009765625,-0.015963572,-0.008412366,0.5335701637536747
9/18/2020,104.1795425415039,3319.469970703125,-0.031720312,-0.011182582,0.5434418685914862
9/21/2020,107.33885955810547,3281.060059,0.030325695,-0.011571098,0.5489387225400661
9/22/2020,109.02579498291016,3315.570068359375,0.015715980510222494,0.010517945160813724,0.5173549361401748
9/23/2020,104.45259857177734,3236.919922,-0.041946004,-0.023721455,0.5292544833912349
9/24/2020,105.52518463134766,3246.590087890625,0.010268639308511407,0.002987459,0.5326304176701495
9/25/2020,109.48407745361328,3298.459961,0.037516095,0.015976724,0.5500089002826974
9/28/2020,112.09735107421875,3351.600098,0.023868983,0.016110590199083896,0.5583122760347159
9/29/2020,111.24900817871094,3335.469970703125,-0.007567912,-0.004812665,0.5584556607902725
9/30/2020,112.92617797851562,3363,0.015075818,0.008253718,0.5461616231657801
10/1/2020,113.88177490234375,3380.800048828125,0.008462138,0.005292908,0.5244086753457345
10/2/2020,110.20564270019531,3348.419922,-0.03228025,-0.009577652,0.5299810587580582
10/5/2020,113.5990219116211,3408.600098,0.030791338159128268,0.017972709,0.47238925725890196
10/6/2020,110.34217071533203,3360.969970703125,-0.028669712,-0.013973516,0.4816674090148985
10/7/2020,112.21436309814453,3419.439941,0.016967152002496988,0.017396755,0.42438205348725433
10/8/2020,112.10710144042969,3446.830078,-0.000955864,0.008010124,0.4004853605576385
10/9/2020,114.05728912353516,3477.139892578125,0.017395755,0.008793533,0.3874295875006882
10/12/2020,121.30229949951172,3534.219970703125,0.063520801,0.016415813,0.4380805634630431
10/13/2020,118.08445739746094,3511.929931640625,-0.026527462,-0.006306919,0.44179088263091154
10/14/2020,118.17222595214844,3488.669922,0.000743269,-0.006623142,0.44182608943642854
10/15/2020,117.70416259765625,3483.340087890625,-0.003960858,-0.001527755,0.4270116674186822
10/16/2020,116.05625915527344,3483.810059,-0.014000384,0.00013492,0.42591606598609666
10/19/2020,113.09194946289062,3426.919922,-0.025542006,-0.016329862,0.41989091895843167
10/20/2020,114.58384704589844,3443.120117,0.013191899070564395,0.004727334,0.4105745222983952
10/21/2020,113.95979309082031,3435.560059,-0.005446265,-0.0021957,0.4091387331260067
10/22/2020,112.86769104003906,3453.489990234375,-0.009583222,0.005218925,0.37917943927554565
10/23/2020,112.17536163330078,3465.389892578125,-0.006133991,0.003445761,0.3800000984446392
10/26/2020,112.18510437011719,3400.969970703125,8.685273374253732e-05,-0.018589516,0.3589274303469877
10/27/2020,113.69652557373047,3390.679931640625,0.013472565828586802,-0.003025619,0.35247657182254377
10/28/2020,108.43098449707031,3271.030029296875,-0.046312243,-0.035287879,0.3879786221400205
10/29/2020,112.4483871459961,3310.110107421875,0.037050319773074936,0.011947330894238384,0.40643560707355836
10/30/2020,106.14923858642578,3269.959961,-0.056018132,-0.01212955,0.4488962515130613
11/2/2020,106.06149291992188,3310.239990234375,-0.000826625,0.012318203,0.43605225023759847
11/3/2020,107.6899185180664,3369.159912109375,0.015353598684246572,0.01779929,0.4247974642781668
11/4/2020,112.08759307861328,3443.439941,0.040836455455290466,0.022047048,0.4382494170680555
11/5/2020,116.06600189208984,3510.449951171875,0.035493748274943115,0.019460194,0.4512034629320231
11/6/2020,115.93414306640625,3509.439941,-0.001136068,-0.000287715,0.45121873036318405
11/9/2020,113.61915588378906,3550.5,-0.019968123,0.011699889,0.453695431
11/10/2020,113.27728271484375,3545.530029296875,-0.00300894,-0.001399795,0.3908977886239125
11/11/2020,116.71556854248047,3572.659912109375,0.030352827550533812,0.007651855,0.39730271049412114
11/12/2020,116.44207000732422,3537.010009765625,-0.002343291,-0.009978532,0.397348862
11/13/2020,116.49092102050781,3585.149902,0.000419531,0.013610335409063534,0.39714421036721564
11/16/2020,117.50675964355469,3626.909912109375,0.008720324,0.011648051240012336,0.39498473535397727
11/17/2020,116.61788177490234,3609.530029296875,-0.007564483,-0.004791926,0.3846002011929458
11/18/2020,115.28946685791016,3567.790039,-0.011391177,-0.01156383,0.3848086834536705
11/19/2020,115.88529968261719,3581.870117,0.005168146,0.003946442,0.38447288119343204
11/20/2020,114.61549377441406,3557.540039,-0.010957437,-0.006792563,0.38498221775139874
11/23/2020,111.20652770996094,3577.590087890625,-0.029742629,0.005635931,0.3989390008165474
11/24/2020,112.49586486816406,3635.409912109375,0.011594078016408105,0.016161668273416252,0.4009968464958786
11/25/2020,113.33589935302734,3629.649902,0.007467248,-0.001584418,0.39907220378622793
11/27/2020,113.88290405273438,3638.350098,0.004826403,0.002396979,0.3616112151741819
11/30/2020,116.28578186035156,3621.629883,0.021099548063022056,-0.004595549,0.346356631
12/1/2020,119.87057495117188,3662.449951171875,0.030827441,0.011271187194776155,0.2896089870436301
12/2/2020,120.22222137451172,3669.010009765625,0.002933551,0.001791167,0.2887900321323375
12/3/2020,120.08546447753906,3666.719970703125,-0.001137534,-0.000624157,0.28781074194104506
12/4/2020,119.41146850585938,3699.120117,-0.005612636,0.008836275,0.25922098580240965
12/7/2020,120.87664794921875,3691.959961,0.012270006069705852,-0.001935638,0.23395677965438974
12/8/2020,121.49202728271484,3702.25,0.00509097,0.002787148,0.23388644110200332
12/9/2020,118.95240783691406,3672.820068359375,-0.020903589,-0.007949202,0.23503009787967227
12/10/2020,120.37849426269531,3668.100098,0.011988714240542597,-0.001285108,0.23650641874901376
12/11/2020,119.5677719116211,3663.459961,-0.006734777,-0.001264997,0.21652188731742153
12/14/2020,118.95240783691406,3647.489990234375,-0.005146571,-0.004359259,0.2173225456622219
12/15/2020,124.9107437133789,3694.620117,0.050090082116150514,0.012921249154708825,0.2756382574203072
12/16/2020,124.84239959716797,3701.169922,-0.000547144,0.001772795,0.2752836593057465
12/17/2020,125.71173095703125,3722.47998,0.00696343,0.005757655,0.27282841760445553
12/18/2020,123.7190933227539,3709.409912109375,-0.015850849,-0.003511119,0.2763555676594736
12/21/2020,125.25262451171875,3694.919922,0.012395267,-0.003906279,0.27803123312874983
12/22/2020,128.81788635253906,3687.260009765625,0.028464568,-0.002073093,0.2850215319486733
12/23/2020,127.91926574707031,3690.010009765625,-0.006975899,0.000745811,0.2590474790500057
12/24/2020,128.90577697753906,3703.060059,0.007711983,0.003536589,0.2584934308111914
12/28/2020,133.51620483398438,3735.360107421875,0.035765875,0.008722529,0.27753557647155086
12/29/2020,131.7384490966797,3727.040039,-0.013314906,-0.002227381,0.2870812627613883
12/30/2020,130.61517333984375,3732.040039,-0.00852656,0.001341547,0.28723899403993575
12/31/2020,129.60906982421875,3756.070068359375,-0.007702807,0.006438846,0.27554633141045176
1/4/2021,126.40522003173828,3700.649902,-0.024719333,-0.014754828,0.29283598072634376
1/5/2021,127.96805572509766,3726.860107421875,0.012363695842362965,0.007082595,0.29442384483664374
1/6/2021,123.66047668457031,3748.139892578125,-0.033661362,0.005709843,0.31992311252182243
1/7/2021,127.88018035888672,3803.790039,0.034123301,0.014847403800101189,0.3373654487887822
1/8/2021,128.9839324951172,3824.679931640625,0.008631143,0.005491863,0.3378778058057667
1/11/2021,125.98521423339844,3799.610107421875,-0.023248774,-0.006554751,0.340064788
1/12/2021,125.80939483642578,3801.189941,-0.001395556,0.000415788,0.33874330511783773
1/13/2021,127.85086822509766,3809.840087890625,0.016226716544707642,0.002275642,0.34034599496244633
1/14/2021,125.91683959960938,3795.540039,-0.015127223,-0.003753451,0.34522930933384466
1/15/2021,124.18795013427734,3768.25,-0.013730407,-0.007190028,0.3036838471935677
1/19/2021,124.86190032958984,3798.909912109375,0.005426857,0.00813638,0.30427819701439546
1/20/2021,128.96438598632812,3851.850098,0.032856184680108314,0.013935625421946263,0.32412249516762337
1/21/2021,133.6920166015625,3853.070068359375,0.036658419912421136,0.000316723,0.3395519329541834
1/22/2021,135.84095764160156,3841.469970703125,0.016073817230564114,-0.003010612,0.34094572132890577
1/25/2021,139.6015167236328,3855.360107421875,0.027683543662530674,0.003615839,0.3402522275303107
1/26/2021,139.83595275878906,3849.620117,0.001679323,-0.001488834,0.338030979
1/27/2021,138.76145935058594,3750.77002,-0.007683957,-0.025677884,0.34036711091014205
1/28/2021,133.90689086914062,3787.379883,-0.034984992,0.009760626,0.3446804394365136
1/29/2021,128.89602661132812,3714.239990234375,-0.037420511,-0.019311475,0.366178214
2/1/2021,131.02537536621094,3773.860107421875,0.016519894,0.016051767614439383,0.3697674157359959
2/2/2021,131.85568237304688,3826.310059,0.006336994,0.013898223484416938,0.3690849583760326
2/3/2021,130.83006286621094,3830.169922,-0.007778349,0.001008769,0.3586852
2/4/2021,134.1999512,3871.739990234375,0.025757751940470808,0.010853322230420792,0.36653149961205683
2/5/2021,133.78421020507812,3886.830078,-0.003097922,0.003897495,0.3430556110410213
2/8/2021,133.93092346191406,3915.590087890625,0.001096641,0.007399348,0.32509372881709964
2/9/2021,133.05050659179688,3911.22998,-0.006573664,-0.001113525,0.3256901699492224
2/10/2021,132.44400024414062,3909.879883,-0.004558467,-0.000345185,0.31388658539131864
2/11/2021,132.18968200683594,3916.379883,-0.001920194,0.001662455,0.3139753438485835
2/12/2021,132.42442321777344,3934.830078,0.001775791,0.004711033,0.31000646668970355
2/16/2021,130.29185485839844,3932.590087890625,-0.016104041,-0.000569272,0.31069845693628106
2/17/2021,127.99300384521484,3931.330078,-0.017643858,-0.000320402,0.31344840724052775
2/18/2021,126.88762664794922,3913.969970703125,-0.008636231,-0.004415836,0.31507995132084726
2/19/2021,127.04411315917969,3906.709961,0.001233268,-0.001854897,0.29300647322303336
2/22/2021,123.25833892822266,3876.5,-0.029798895,-0.007732839,0.2766494417324339
2/23/2021,123.12137603759766,3881.370117,-0.001111186,0.001256318,0.26741058335184753
2/24/2021,122.62247467041016,3925.429931640625,-0.00405211,0.011351614,0.2404746514301885
2/25/2021,118.35733795166016,3829.340087890625,-0.034782667,-0.024478808,0.2582314515353966
2/26/2021,118.62145233154297,3811.149902,0.0022315,-0.004750214,0.26055293492342163
3/1/2021,125.0093765258789,3901.820068359375,0.05385134,0.023790763506800205,0.31723077375146524
3/2/2021,122.3974838256836,3870.290039,-0.020893574,-0.008080852,0.29935070370812067
3/3/2021,119.40406799316406,3819.719970703125,-0.024456514,-0.013066222,0.30055546142830775
3/4/2021,117.51605224609375,3768.469970703125,-0.015811988,-0.013417214,0.3005240028614351
3/5/2021,118.7779769897461,3841.939941,0.010738318038540973,0.019495968,0.30540471647857115
3/8/2021,113.82807922363281,3821.350098,-0.041673532,-0.005359231,0.3107423369905256
3/9/2021,118.45515441894531,3875.439941,0.040649682,0.014154642,0.35287557401729425
3/10/2021,117.36933135986328,3898.810059,-0.009166533,0.006030313,0.35223213889503835
3/11/2021,119.30623626708984,3939.340087890625,0.016502649242227108,0.010395487004435822,0.3607541520201815
3/12/2021,118.3964614868164,3943.340087890625,-0.007625543,0.001015398,0.3608702922468901
3/15/2021,121.29205322265625,3968.939941,0.024456742198855963,0.006491921,0.3750693982080345
3/16/2021,122.83769226074219,3962.709961,0.012743118753613558,-0.001569684,0.37903597256376137
3/17/2021,122.04530334472656,3974.120117,-0.006450698,0.002879382,0.3763938460574165
3/18/2021,117.9073257446289,3915.459961,-0.033905259,-0.014760539,0.3884724591583613
3/19/2021,117.37908172607422,3913.100098,-0.004480163,-0.000602704,0.3880624345961805
3/22/2021,120.70512390136719,3940.590087890625,0.028335902,0.007025118,0.4032178333381057
3/23/2021,119.87359619140625,3910.52002,-0.006888918,-0.007630854,0.3910346046286496
3/24/2021,117.47692108154297,3889.139892578125,-0.019993353,-0.005467336,0.39651168328331377
3/25/2021,117.9660415649414,3909.52002,0.004163545,0.005240266,0.39698050943999635
3/26/2021,118.57254791259766,3974.540039,0.005141364,0.016631202604519668,0.3785250990319444
3/29/2021,118.74864196777344,3971.090087890625,0.001485117,-0.000868013,0.3784873215237457
3/30/2021,117.29106140136719,3958.550048828125,-0.012274503,-0.003157833,0.32637589836499387
3/31/2021,119.49211883544922,3972.889892578125,0.018765773007629827,0.003622499,0.3276298905633858
4/1/2021,120.3236083984375,4019.870117,0.006958531,0.011825201774944727,0.31712351386043275
4/5/2021,123.1604995727539,4077.909912109375,0.023577178344937666,0.014438226417743616,0.32084060261493647
4/6/2021,123.46375274658203,4073.939941,0.00246226,-0.000973531,0.3194184512690979
4/7/2021,125.11698150634766,4079.949951171875,0.013390397772526708,0.001475233,0.27885291336016926
4/8/2021,127.52342987060547,4097.169922,0.019233587,0.004220633,0.2526643970210391
4/9/2021,130.1060028076172,4128.799805,0.020251752478992913,0.007719934,0.2544225408867051
4/12/2021,128.3843231201172,4127.990234,-0.0132329,-0.000196079,0.25836452590201525
4/13/2021,131.50491333007812,4141.589844,0.024306629766948307,0.003294487,0.2644530364259652
4/14/2021,129.15713500976562,4124.660156,-0.01785316,-0.004087727,0.2661327394216095
4/15/2021,131.57337951660156,4170.419922,0.018707789597943947,0.011094191,0.26962652545820504
4/16/2021,131.24078369140625,4185.470215,-0.002527835,0.00360882,0.26815650467664354
4/19/2021,131.9059600830078,4163.259766,0.005068367,-0.00530656,0.23086550577257717
4/20/2021,130.213623,4134.939941,-0.012829875,-0.00680232,0.23712107373445346
4/21/2021,130.59512329101562,4173.419922,0.002929803,0.009306055,0.22151670050559705
4/22/2021,129.0690918,4134.97998,-0.01168521,-0.009210657,0.22504139433299178
4/23/2021,131.39730834960938,4180.169922,0.018038528979489987,0.010928696540176919,0.21299870121977416
4/26/2021,131.7885742,4187.620117,0.002977731,0.001782271,0.2131272683383749
4/27/2021,131.46578979492188,4186.720215,-0.00244926,-0.000214896,0.21484758029063544
4/28/2021,130.67337036132812,4183.180176,-0.006027571,-0.00084554,0.21795622545315188
4/29/2021,130.57553100585938,4211.470215,-0.000748732,0.006762807,0.210193758
4/30/2021,128.5995330810547,4181.169922,-0.015132988,-0.007194707,0.215376441
5/3/2021,129.6560059,4192.660156,0.008215215,0.002748091,0.21566780195295154
5/4/2021,125.06806182861328,4164.660156,-0.035385511,-0.006678338,0.24212461443527666
5/5/2021,125.3126449584961,4167.589844,0.0019556,0.000703464,0.24208828677267857
5/6/2021,126.91693878173828,4201.620117,0.012802329914698873,0.008165456,0.24171179409972574
5/7/2021,127.59307861328125,4232.600098,0.00532742,0.007373342,0.23298559720523979
5/10/2021,124.30060577392578,4188.430176,-0.025804478,-0.010435647,0.23744798983794296
5/11/2021,123.37950134277344,4152.100098,-0.007410297,-0.008673913,0.23483952175793574
5/12/2021,120.30260467529297,4063.040039,-0.024938475,-0.021449401,0.2277478181477777
5/13/2021,122.4583969116211,4112.5,0.017919746975942896,0.012173141406923493,0.2342138033209626
5/14/2021,124.88854217529297,4173.850098,0.019844660104653578,0.014917956876899785,0.23553587991030034
5/17/2021,123.73226165771484,4163.290039,-0.0092585,-0.002530052,0.2367420749847876
5/18/2021,122.34078979492188,4127.830078,-0.011245829,-0.008517293,0.23674681997182134
5/19/2021,122.18401336669922,4115.680176,-0.001281473,-0.002943411,0.2343630304757457
5/20/2021,124.75135803222656,4159.120117,0.021012116027177896,0.010554741756143349,0.24802436286981208
5/21/2021,122.90914916992188,4155.859863,-0.014767045,-0.000783881,0.24975491350878634
5/24/2021,124.54559326171875,4197.049805,0.013314257749311276,0.009911292,0.24542824356237256
5/25/2021,124.34959411621094,4188.129883,-0.001573714,-0.002125284,0.2446693363934695
5/26/2021,124.30060577392578,4195.990234,-0.000393957,0.001876817,0.24479405507221616
5/27/2021,122.76214599609375,4200.879883,-0.012376929,0.001165315,0.2469091305731655
5/28/2021,122.1056137084961,4204.109863,-0.005348003,0.000768882,0.24692912996417932
6/1/2021,121.78226470947266,4202.040039,-0.002648109,-0.000492334,0.2430021684436444
6/2/2021,122.54657745361328,4208.120117,0.00627606,0.001446935,0.24201782700846075
6/3/2021,121.0571289,4192.850098,-0.012154142,-0.003628703,0.21409826740187138
6/4/2021,123.35989379882812,4229.890137,0.019022133709791333,0.008834096,0.2253975478440071
6/7/2021,123.36970520019531,4226.52002,7.953477475575177e-05,-0.000796739,0.22007495439976688
6/8/2021,124.19280242919922,4227.259766,0.006671794,0.000175025,0.2206303583254895
6/9/2021,124.5749740600586,4219.549805,0.003077245,-0.001823867,0.2019285895215429
6/10/2021,123.5754623413086,4239.180176,-0.008023375,0.004652243,0.2022299745095997
6/11/2021,124.7905502319336,4247.439941,0.00983276,0.001948435,0.1828102973798833
6/14/2021,127.857666,4255.149902,0.024578109303876827,0.001815202,0.1914547527353445
6/15/2021,127.03453063964844,4246.589844,-0.006437904,-0.002011694,0.1822319990861519
6/16/2021,127.53424835205078,4223.700195,0.003933716,-0.005390125,0.17868523378554368
6/17/2021,129.14132690429688,4221.859863,0.012601152811986926,-0.000435716,0.17632831460099221
6/18/2021,127.83805084228516,4166.450195,-0.010091859,-0.013124469,0.18136514996836625
6/21/2021,129.64109802246094,4224.790039,0.014104151059063152,0.014002289962720793,0.17376510757805552
6/22/2021,131.2872772216797,4246.439941,0.012697973284162778,0.005124492,0.16648740700754425
6/23/2021,131.01292419433594,4241.839844,-0.002089715,-0.001083283,0.16321212875350122
6/24/2021,130.7287598,4266.490234,-0.00216898,0.00581125,0.1634105705814989
6/25/2021,130.43478393554688,4280.700195,-0.002248746,0.003330597,0.16394065925299953
6/28/2021,132.0712432861328,4290.609863,0.012546188226865818,0.002314964,0.15837593431100763
6/29/2021,133.59010314941406,4291.799805,0.011500307148548883,0.000277336,0.15722056684115462
6/30/2021,134.20741271972656,4297.5,0.004620923,0.00132816,0.15515478135802122
7/1/2021,134.5111846923828,4319.939941,0.002263452,0.005221627,0.15525803176078062
7/2/2021,137.14710998535156,4352.339844,0.019596327985638595,0.007500082,0.15127474186543666
7/6/2021,139.1656951904297,4343.540039,0.014718394031735249,-0.002021856,0.1472900019505104
7/7/2021,141.6645050048828,4358.129883,0.017955644967201367,0.003358975,0.15150211834038166
7/8/2021,140.36122131347656,4320.819824,-0.00919979,-0.008561025,0.1611422483692546
7/9/2021,142.19361877441406,4369.549805,0.013054869741017106,0.011277947808795874,0.16264477306033454
7/12/2021,141.5959014892578,4384.629883,-0.004203545,0.003451174,0.15888056616288504
7/13/2021,142.71295166015625,4369.209961,0.007889001,-0.003516813,0.1585168932681502
7/14/2021,146.1524200439453,4374.299805,0.024100604351450228,0.001164935,0.15783631078784482
7/15/2021,145.49586486816406,4360.029785,-0.004492263,-0.003262241,0.15596970918437986
7/16/2021,143.44789123535156,4327.160156,-0.01407582,-0.007538854,0.17145278457697402
7/19/2021,139.58709716796875,4258.490234,-0.026914262,-0.015869512,0.20305689666921342
7/20/2021,143.21273803710938,4323.060059,0.025974040170616997,0.015162609437855634,0.2102988149645008
7/21/2021,142.4777832,4358.689941,-0.00513191,0.00824182,0.2109455491960434
7/22/2021,143.8496856689453,4367.47998,0.009628887,0.00201667,0.2097235980299213
7/23/2021,145.57427978515625,4411.790039,0.011988862597725136,0.010145452020822843,0.20986766760108178
7/26/2021,145.99566650390625,4422.299805,0.002894651,0.0023822,0.2083812340705483
7/27/2021,143.8202667236328,4401.459961,-0.014900441,-0.004712445,0.21855876624261106
7/28/2021,142.06622314453125,4400.640137,-0.012196081,-0.000186262,0.22417634321222385
7/29/2021,142.71295166015625,4419.149902,0.004552303,0.004206153,0.2223660587234587
7/30/2021,142.92852783203125,4395.259766,0.001510558,-0.005406048,0.22238442186061452
8/2/2021,142.59539794921875,4387.160156,-0.002330745,-0.001842806,0.2231691827100274
8/3/2021,144.39842224121094,4423.149902,0.012644337180041987,0.008203427,0.21784261159185694
8/4/2021,143.9966278076172,4402.660156,-0.00278254,-0.004632388,0.2139217397136831
8/5/2021,144.1044158935547,4429.100098,0.000748546,0.006005447,0.20560220567291815
8/6/2021,143.4174346923828,4436.52002,-0.004767246,0.001675266,0.20342231265937888
8/9/2021,143.3684082,4432.350098,-0.000341845,-0.000939908,0.1987456819212217
8/10/2021,142.88755798339844,4436.75,-0.003353948,0.000992679,0.19851580384333678
8/11/2021,143.1427001953125,4442.410156,0.001785615,0.001275744,0.19677431815905955
8/12/2021,146.11624145507812,4460.830078,0.020773265110329397,0.00414638,0.19196434234944276
8/13/2021,146.32232666015625,4468,0.00141042,0.001607307,0.1912893005181595
8/16/2021,148.30470275878906,4479.709961,0.013548008317534554,0.002620851,0.18898183443604996
8/17/2021,147.39202880859375,4448.080078,-0.006154046,-0.007060699,0.16105934500691513
8/18/2021,143.63336181640625,4400.27002,-0.025501155,-0.010748471,0.16574642872055464
8/19/2021,143.96701049804688,4405.799805,0.002322919,0.001256692,0.16473819178786195
8/20/2021,145.42929077148438,4441.669922,0.010157051038142795,0.008141568,0.165114812
8/23/2021,146.92095947265625,4479.529785,0.010257003202441162,0.00852379,0.16370895306021088
8/24/2021,146.83265686035156,4486.22998,-0.000601021,0.001495736,0.1635095531158194
8/25/2021,145.59608459472656,4496.189941,-0.008421643,0.002220118,0.15733283823651978
8/26/2021,144.79139709472656,4470,-0.005526848,-0.005824919,0.15209048939461464
8/27/2021,145.83163452148438,4509.370117,0.007184387,0.008807632,0.15314585571380343
8/30/2021,150.26744079589844,4528.790039,0.030417311641395273,0.004306571,0.18384401933839095
8/31/2021,149.0014648,4522.680176,-0.008424819,-0.001349116,0.18702563683085502
9/1/2021,149.6687774658203,4524.089844,0.004478564,0.000311689,0.1833615043654862
9/2/2021,150.78756713867188,4536.950195,0.007475104,0.002842638,0.18359413620623785
9/3/2021,151.42544555664062,4535.430176,0.004230312,-0.000335031,0.18362908250512266
9/7/2021,153.7709197998047,4520.029785,0.015489300589752952,-0.003395574,0.18700705391815112
9/8/2021,152.2203826904297,4514.069824,-0.010083422,-0.001318567,0.19242323996022961
9/9/2021,151.1997528076172,4493.279785,-0.006704949,-0.004605609,0.1941438412660452
9/10/2021,146.19476318359375,4458.580078,-0.033101837,-0.007722579,0.230565443
9/13/2021,146.7639617919922,4468.72998,0.003893427,0.002276488,0.2195760142865303
9/14/2021,145.36056518554688,4443.049805,-0.00956227,-0.005746639,0.22215301291630074
9/15/2021,146.25363159179688,4480.700195,0.006143801,0.008473997,0.21780916887788365
9/16/2021,146.01812744140625,4473.75,-0.001610245,-0.00155114,0.21690904953087564
9/17/2021,143.3389434814453,4432.990234,-0.018348297,-0.009110872,0.20768038664913477
9/20/2021,140.27706909179688,4357.72998,-0.021361078,-0.016977311,0.22015078029148802
9/21/2021,140.75794982910156,4354.189941,0.003428078,-0.000812359,0.21701019642516944
9/22/2021,143.1328887939453,4395.640137,0.016872503242106207,0.009519611,0.2226491853760231
9/23/2021,144.09461975097656,4448.97998,0.006719147,0.012134715784494876,0.2243140735777797
9/24/2021,144.18295288085938,4455.47998,0.000613022,0.001461009,0.2226234603151384
9/27/2021,142.6618194580078,4443.109863,-0.010550023,-0.002776383,0.2247592351632857
9/28/2021,139.2662353515625,4352.629883,-0.023801632,-0.020364111,0.2365425613334453
9/29/2021,140.1691436767578,4359.459961,0.006483325,0.001569184,0.2079014106079887
9/30/2021,138.86390686035156,4307.540039,-0.00931187,-0.011909714,0.20820345139631086
10/1/2021,139.99246215820312,4357.040039,0.00812706,0.011491478,0.2102868701219664
10/4/2021,136.54791259765625,4300.459961,-0.02460525,-0.012985898,0.21914960235270584
10/5/2021,138.48117065429688,4345.720215,0.014158093081488854,0.010524514660609219,0.2267679409759057
10/6/2021,139.35458374023438,4363.549805,0.006307089,0.004102793,0.21884124346716438
10/7/2021,140.6205596923828,4399.759766,0.009084566,0.008298281,0.22281101340068415
10/8/2021,140.2378387451172,4391.339844,-0.002721657,-0.001913723,0.22255510809457718
10/11/2021,140.14950561523438,4361.189941,-0.000629881,-0.006865764,0.19480004150694824
10/12/2021,138.8737335205078,4350.649902,-0.009102937,-0.002416781,0.19510121683579107
10/13/2021,138.2849121,4363.799805,-0.004239977,0.003022514,0.19355791081706616
10/14/2021,141.0817871,4438.259766,0.020225453,0.017063102,0.2069814174452137
10/15/2021,142.1416778564453,4471.370117,0.007512598,0.00746021,0.20939183772998402
10/18/2021,143.81985473632812,4486.459961,0.011806367,0.00337477,0.20426337796950955
10/19/2021,145.98866271972656,4519.629883,0.015080031803498928,0.00739334,0.1944827683095936
10/20/2021,146.47935485839844,4536.189941,0.003361166,0.00366403,0.19447660287387325
10/21/2021,146.6952362060547,4549.779785,0.001473801,0.002995872,0.18677267224500052
10/22/2021,145.9199981689453,4544.899902,-0.005284684,-0.001072554,0.1869624820319763
10/25/2021,145.8708953857422,4566.47998,-0.000336505,0.004748197,0.18699479949611691
10/26/2021,146.53823852539062,4574.790039,0.004574889,0.001819795,0.1829057311371401
10/27/2021,146.07701110839844,4551.680176,-0.003147488,-0.005051568,0.15964744215038013
10/28/2021,149.7277069091797,4596.419922,0.024991583364696535,0.009829282,0.17758854093986282
10/29/2021,147.00930786132812,4605.379883,-0.018155618,0.001949335,0.18779232664185816
11/1/2021,146.18492126464844,4613.669922,-0.005607717,0.001800077,0.18889311485135712
11/2/2021,147.22518920898438,4630.649902,0.00711611,0.003680363,0.16242979063928115
11/3/2021,148.66778564453125,4660.569824,0.009798571,0.006461279,0.15954973225221114
11/4/2021,148.14768981933594,4680.060059,-0.003498376,0.004181942,0.16093430991085808
11/5/2021,148.67837524414062,4697.529785,0.003582138,0.0037328,0.15942038576643314
11/8/2021,147.8528594970703,4701.700195,-0.005552359,0.000887788,0.1609288449983728
11/9/2021,148.2164764404297,4685.25,0.002459316,-0.003498776,0.16051017957799724
11/10/2021,145.37615966796875,4646.709961,-0.0191633,-0.008225823,0.17313187119384385
11/11/2021,145.32704162597656,4649.27002,-0.000337869,0.00055094,0.1718149349112581
11/12/2021,147.41058349609375,4682.850098,0.014336918,0.007222656,0.1652115354014148
11/15/2021,147.42037963867188,4682.799805,6.645481176303925e-05,-1.07E-05,0.16417272699825552
11/16/2021,148.40318298339844,4700.899902,0.006666672,0.00386523,0.16115891192247236
11/17/2021,150.85040283203125,4688.669922,0.016490346,-0.002601625,0.16271795435098235
11/18/2021,155.15504455566406,4704.540039,0.028535831809650025,0.00338478,0.1875966797367589
11/19/2021,157.7889862060547,4697.959961,0.016976190867230567,-0.001398666,0.19378964742803403
11/22/2021,158.2509002685547,4682.939941,0.002927416,-0.003197137,0.19114335116709058
11/23/2021,158.6342010498047,4690.700195,0.002422108,0.001657133,0.19060394974034758
11/24/2021,159.1550750732422,4701.459961,0.003283491,0.002293851,0.190613393
11/26/2021,154.1132813,4594.620117,-0.031678499,-0.022724823,0.22637826604899616
11/29/2021,157.48431396484375,4655.27002,0.021873732669251966,0.013200199537034996,0.22272950385329265
11/30/2021,162.45729064941406,4567,0.0315776,-0.01896131,0.2310832197955328
12/1/2021,161.9364013671875,4513.040039,-0.003206315,-0.011815187,0.2298577364744681
12/2/2021,160.9437713623047,4577.100098,-0.006129752,0.014194436,0.23287017367418889
12/3/2021,159.0568084716797,4538.430176,-0.011724361,-0.008448564,0.23839934365379717
12/6/2021,162.4769287109375,4591.669922,0.021502507639380664,0.011730872577451423,0.24501719686623658
12/7/2021,168.23614501953125,4686.75,0.035446363703981465,0.020707080374404274,0.2673288963826189
12/8/2021,172.06912231445312,4701.209961,0.022783316239663565,0.003085285,0.2698598368773414
12/9/2021,171.55804443359375,4667.450195,-0.002970189,-0.00718108,0.27175758757253893
12/10/2021,176.36392211914062,4712.02002,0.028013129325492603,0.009549073,0.2632561366654235
12/13/2021,172.71775817871094,4668.970215,-0.020674092,-0.009136168,0.28150245595890366
12/14/2021,171.33201599121094,4634.089844,-0.00802316,-0.007470678,0.286183858
12/15/2021,176.21652221679688,4709.850098,0.028509010399063506,0.016348464630746795,0.2939302226302503
12/16/2021,169.29759216308594,4668.669922,-0.039263799,-0.008743415,0.3377251948547172
12/17/2021,168.19686889648438,4620.640137,-0.006501707,-0.010287681,0.3385531448087119
12/20/2021,166.8307647705078,4568.02002,-0.008122054,-0.011388058,0.33073208992442066
12/21/2021,170.01504516601562,4649.22998,0.019086889638659343,0.017777934551572505,0.3318810799845679
12/22/2021,172.6194610595703,4696.560059,0.015318737768245994,0.010180197220578835,0.3342529784150422
12/23/2021,173.24847412109375,4725.790039,0.003643929,0.0062237,0.33419059617242247
12/27/2021,177.2288055419922,4791.189941,0.022974698,0.013838935,0.34025593165264234
12/28/2021,176.20669555664062,4786.350098,-0.005767178,-0.001010155,0.31567366019084236
12/29/2021,176.29513549804688,4793.060059,0.00050191,0.001401895,0.3112851805291062
12/30/2021,175.1354217529297,4778.72998,-0.006578252,-0.002989756,0.29893497832479754
12/31/2021,174.5162811279297,4766.180176,-0.003535211,-0.00262618,0.29903361336391165
1/3/2022,178.87991333007812,4796.560059,0.025004155336943334,0.006374053,0.3054688677565549
1/4/2022,176.60963439941406,4793.540039,-0.012691637,-0.000629622,0.3061625170155357
1/5/2022,171.91188049316406,4700.580078,-0.026599647,-0.019392758,0.31891768740107135
1/6/2022,169.04205322265625,4696.049805,-0.016693595,-0.000963769,0.3025661540833835
1/7/2022,169.20913696289062,4677.029785,0.000988415,-0.004050217,0.2914674367198531
1/10/2022,169.2288055419922,4670.290039,0.000116238,-0.001441031,0.2913522235013938
1/11/2022,172.06912231445312,4713.069824,0.016783885,0.009159985,0.27988121950342876
1/12/2022,172.51136779785156,4726.350098,0.002570162,0.002817754,0.27075341646713486
1/13/2022,169.2288055419922,4659.029785,-0.019028092,-0.014243615,0.27750400011563314
1/14/2022,170.09365844726562,4662.850098,0.005110554,0.00081998,0.2578906464355319
1/18/2022,166.87991333007812,4577.109863,-0.018893974,-0.018387946,0.22832154482528158
1/19/2022,163.3712921142578,4532.759766,-0.021024826,-0.009689542,0.23838356733233043
1/20/2022,161.68087768554688,4482.72998,-0.010347071,-0.011037378,0.23931128461304116
1/21/2022,159.6169891357422,4397.939941,-0.012765199,-0.018914822,0.23024615305228305
1/24/2022,158.84054565429688,4410.129883,-0.004864416,0.002771739,0.22053340977865846
1/25/2022,157.03219604492188,4356.450195,-0.011384685,-0.012171906,0.22023343470183607
1/26/2022,156.9437713623047,4349.930176,-0.000563099,-0.001496636,0.1969988603917343
1/27/2022,156.48182678222656,4326.509766,-0.002943376,-0.005384089,0.19722912221153355
1/28/2022,167.40078735351562,4431.850098,0.069777819,0.024347646888076113,0.3272280652134917
1/31/2022,171.77426147460938,4515.549805,0.026125767926395094,0.018885951732779516,0.3411128686047675
2/1/2022,171.60719299316406,4546.540039,-0.000972605,0.006863004,0.3409606818576117
2/2/2022,172.81600952148438,4589.379883,0.00704409,0.009422515,0.3294590178029703
2/3/2022,169.9265899658203,4477.439941,-0.016719629,-0.024391082,0.33148147610241935
2/4/2022,169.64122009277344,4500.529785,-0.001679372,0.00515693,0.3188308202591401
2/7/2022,168.9228516,4483.870117,-0.004234634,-0.003701713,0.31371096000588694
2/8/2022,172.0423126220703,4521.540039,0.018466779542944955,0.008401207,0.32007952554187846
2/9/2022,173.46920776367188,4587.180176,0.008293862,0.014517207887505545,0.3210536405161393
2/10/2022,169.37550354003906,4504.080078,-0.023599025,-0.018115726,0.32704432177833154
2/11/2022,165.9510040283203,4418.640137,-0.020218387,-0.018969454,0.33376004845321117
2/14/2022,166.1872100830078,4401.669922,0.001423348,-0.003840597,0.32780023427920785
2/15/2022,170.0348358154297,4471.069824,0.023152357696480053,0.015766721,0.3376166702529805
2/16/2022,169.79867553710938,4475.009766,-0.001388894,0.000881208,0.33051764812977685
2/17/2022,166.1872100830078,4380.259766,-0.021269103,-0.021173138,0.33072402539466095
2/18/2022,164.6323699951172,4348.870117,-0.009355955,-0.007166161,0.3303125261258364
2/22/2022,161.69989013671875,4304.759766,-0.017812292,-0.010142945,0.33342288823742716
2/23/2022,157.51766967773438,4225.5,-0.02586409,-0.018412123,0.3456476234271785
2/24/2022,160.1450653076172,4288.700195,0.016680005711474877,0.014956856067329216,0.3478469883936262
2/25/2022,162.22145080566406,4384.649902,0.012965653946678923,0.022372677655603468,0.3501523570672728
2/28/2022,162.4871063232422,4373.939941,0.00163761,-0.002442603,0.34972921153019365
3/1/2022,160.59776306152344,4306.259766,-0.01162765,-0.015473504,0.2506718628329351
3/2/2022,163.9041748046875,4386.540039,0.020588155651317663,0.018642691757321028,0.2435153548636826
3/3/2022,163.57943725585938,4363.490234,-0.001981265,-0.005254666,0.24348061242365326
3/4/2022,160.56822204589844,4328.870117,-0.018408275,-0.007934043,0.24728314809716237
3/7/2022,156.75997924804688,4201.089844,-0.023717288,-0.029518158,0.2531583122400602
3/8/2022,154.92959594726562,4170.700195,-0.011676343,-0.007233754,0.2545120421448465
3/9/2022,160.3517608642578,4277.879883,0.034997605743693816,0.025698248,0.28844440939079263
3/10/2022,155.9923858642578,4259.52002,-0.027186324,-0.004291814,0.29033893976719466
3/11/2022,152.26278686523438,4204.310059,-0.023908853,-0.012961545,0.2938770464563209
3/14/2022,148.21832275390625,4173.109863,-0.026562394,-0.007421002,0.2962791151646691
3/15/2022,152.61708068847656,4262.450195,0.029677558434349383,0.021408574170870942,0.3162122631555779
3/16/2022,157.04531860351562,4357.859863,0.029015349363666676,0.022383761,0.3357863786635961
3/17/2022,158.0588836669922,4411.669922,0.006453965,0.012347818,0.32451988787125974
3/18/2022,161.36532592773438,4463.120117,0.020919053608580374,0.011662294827948783,0.33517804877312063
3/21/2022,162.7429962158203,4461.180176,0.008537586,-0.00043466,0.32968263835061784
3/22/2022,166.12811279296875,4511.609863,0.020800383,0.011304114,0.3362964032203785
3/23/2022,167.49600219726562,4456.240234,0.008233943,-0.012272699,0.33033611811397573
3/24/2022,171.29444885253906,4520.160156,0.022677834727063306,0.014343913,0.32164287032611105
3/25/2022,171.93406677246094,4543.060059,0.003734026,0.005066171,0.31842197774734343
3/28/2022,172.8000488,4575.52002,0.00503671,0.007144955,0.3166568173770237
3/29/2022,176.10647583007812,4631.600098,0.01913441,0.012256547427530462,0.321333844
3/30/2022,174.93540954589844,4602.450195,-0.006649763,-0.0062937,0.31872873466609947
3/31/2022,171.82582092285156,4530.410156,-0.017775639,-0.015652541,0.3216762838274226
4/1/2022,171.53060913085938,4545.859863,-0.001718087,0.003410223,0.3216319405002181
4/4/2022,175.5947723388672,4582.640137,0.023693515860526704,0.008090939,0.3202804600639254
4/5/2022,172.26864624023438,4525.120117,-0.018942056,-0.012551721,0.3153761904246578
4/6/2022,169.09014892578125,4481.149902,-0.018450817,-0.009716917,0.320635139
4/7/2022,169.3951873779297,4500.209961,0.001803999,0.004253386,0.30067800423956875
4/8/2022,167.37789916992188,4488.279785,-0.011908769,-0.002651026,0.2857771726850829
4/11/2022,163.1071014404297,4412.529785,-0.0255159,-0.01687729,0.2877675421999174
4/12/2022,164.9866485595703,4397.450195,0.011523392,-0.003417448,0.2672515530691273
4/13/2022,167.6829376220703,4446.589844,0.016342468230248874,0.011174577597236057,0.2556345795068043
4/14/2022,162.65440368652344,4392.589844,-0.029988346,-0.012144138,0.2661723618001883
4/18/2022,162.4379425048828,4391.689941,-0.001330804,-0.000204868,0.2658256689842897
4/19/2022,164.7307586669922,4462.209961,0.014115028340995206,0.016057604355527166,0.2605345281229947
4/20/2022,164.5634766,4459.450195,-0.001015488,-0.000618475,0.259202182
4/21/2022,163.76638793945312,4393.660156,-0.004843654,-0.014752948,0.2491184689228544
4/22/2022,159.2102051,4271.779785,-0.027821233,-0.027740054,0.26394316345644764
4/25/2022,160.2828826904297,4296.120117,0.006737493,0.005697937,0.2503782798684609
4/26/2022,154.2998047,4175.200195,-0.037328241,-0.028146308,0.27552326735099225
4/27/2022,154.07347106933594,4183.959961,-0.001466843,0.002098047,0.2734528844258566
4/28/2022,161.0307617,4287.5,0.045155669,0.0247469,0.31452751169535037
4/29/2022,155.13626098632812,4131.930176,-0.036604812,-0.036284507,0.3341342278304498
5/2/2022,155.44131469726562,4155.379883,0.00196636,0.005675243,0.33198150393635073
5/3/2022,156.9370880126953,4175.47998,0.009622753,0.004837126,0.335507177
5/4/2022,163.37278747558594,4300.169922,0.041008148834582814,0.029862421,0.35812208316770155
5/5/2022,154.27027893066406,4146.870117,-0.055716186,-0.035649709,0.3988472845131518
5/6/2022,154.99954223632812,4123.339844,0.00472718,-0.005674225,0.39703103719698624
5/9/2022,149.85520935058594,3991.239990234375,-0.033189342,-0.032037101,0.4090908015908097
5/10/2022,152.26974487304688,4001.050048828125,0.016112456369882677,0.002457897,0.41503390715275557
5/11/2022,144.37583923339844,3935.179931640625,-0.05184159,-0.016463208,0.44128513859604945
5/12/2022,140.4929656982422,3930.080078,-0.026894206,-0.001295965,0.4427634821317482
5/13/2022,144.9770050048828,4023.889892578125,0.031916468,0.023869695,0.45629964712249294
5/16/2022,143.42974853515625,4008.010009765625,-0.010672427,-0.003946401,0.44861739115386695
5/17/2022,147.0761260986328,4088.850098,0.025422742497403172,0.020169632234863677,0.46121278950707534
5/18/2022,138.77822875976562,3923.679931640625,-0.056419064,-0.040395261,0.4895505690512037
5/19/2022,135.3585205078125,3900.790039,-0.024641533,-0.005833782,0.49233525956664886
5/20/2022,135.5950164794922,3901.360107421875,0.001747182,0.000146142,0.49353028755135225
5/23/2022,141.03500366210938,3973.75,0.040119374029059074,0.018555039930923556,0.5156133649600011
5/24/2022,138.32489013671875,3941.47998,-0.019215893,-0.008120798,0.5158491231180677
5/25/2022,138.48257446289062,3978.72998,0.001139956,0.009450765,0.503943315
5/26/2022,141.6952667236328,4057.840087890625,0.023199252853311814,0.019883256167224195,0.5130698232560552
5/27/2022,147.47032165527344,4158.240234,0.040756866,0.024742263,0.5080174204893907
5/31/2022,146.68191528320312,4132.149902,-0.005346204,-0.006274369,0.49384014470079923
6/1/2022,146.55381774902344,4101.22998,-0.000873301,-0.007482769,0.4936362202842964
6/2/2022,149.01754760742188,4176.819824,0.016811093,0.018431018038486124,0.4964503060866847
6/3/2022,143.27207946777344,4108.540039,-0.038555648,-0.016347314,0.4860148409055504
6/6/2022,144.02102661132812,4121.430176,0.005227447,0.003137401,0.45176472852470867
6/7/2022,146.55381774902344,4160.680176,0.017586259432316176,0.009523393,0.45666242659764206
6/8/2022,145.81468200683594,4115.77002,-0.005043442,-0.010793946,0.4428481464035678
6/9/2022,140.57183837890625,4017.820068359375,-0.035955526,-0.023798694,0.4541914330718568
6/10/2022,135.14170837402344,3900.860107421875,-0.038628861,-0.029110303,0.4384720282169055
6/13/2022,129.9678497314453,3749.629883,-0.038284692,-0.038768431,0.4480370660220295
6/14/2022,130.83505249023438,3735.47998,0.006672441,-0.00377368,0.4312412160606954
6/15/2022,133.46632385253906,3789.989990234375,0.020111363982531216,0.014592504858983224,0.4388270597969822
6/16/2022,128.17422485351562,3666.77002,-0.039651193,-0.032511951,0.44349048064779184
6/17/2022,129.6524658203125,3674.840087890625,0.011533059540530077,0.002200866,0.4074566918871871
6/21/2022,133.89996337890625,3764.790039,0.032760638,0.024477242280086964,0.41729867846131596
6/22/2022,133.3875274658203,3759.889892578125,-0.003827006,-0.001301572,0.41742017304518436
6/23/2022,136.26516723632812,3795.72998,0.021573529588403195,0.009532217,0.3992572578322837
6/24/2022,139.60601806640625,3911.739990234375,0.024517276849512104,0.030563294,0.40329892080541824
6/27/2022,139.60601806640625,3900.110107421875,0,-0.002973072,0.40330432030989666
6/28/2022,135.44720458984375,3821.550048828125,-0.029789643,-0.020143036,0.4077954493396838
6/29/2022,137.21124267578125,3818.830078,0.013023805779375675,-0.000711745,0.38179130251893423
6/30/2022,134.73764038085938,3785.379883,-0.018027694,-0.008759278,0.3852226149824984
7/1/2022,136.91561889648438,3825.330078,0.016164588525289236,0.010553814029047315,0.39130103109307807
7/5/2022,139.50746154785156,3831.389892578125,0.018930219,0.001584129,0.3927152148607134
7/6/2022,140.84774780273438,3845.080078,0.009607273,0.003573164,0.3724436799573057
7/7/2022,144.22801208496094,3902.620117,0.023999420189244614,0.014964587965241805,0.38167375930425695
7/8/2022,144.90802001953125,3899.379883,0.004714812,-0.000830272,0.3769230419263433
7/11/2022,142.7694854736328,3854.429931640625,-0.014757876,-0.011527461,0.37996420736125747
7/12/2022,143.74513244628906,3818.800048828125,0.006833722,-0.009243879,0.3582732453318388
7/13/2022,143.38047790527344,3801.780029296875,-0.002536813,-0.004456903,0.3281275363190659
7/14/2022,146.3172607421875,3790.379883,0.020482446,-0.002998634,0.2965312468552314
7/15/2022,147.9926300048828,3863.159912109375,0.011450250327248446,0.019201249,0.29716441368446794
7/18/2022,144.9376220703125,3830.850098,-0.020642973,-0.008363572,0.3062671550852801
7/19/2022,148.81057739257812,3936.689941,0.026721532111150248,0.027628292,0.27104459484826854
7/20/2022,150.82101440429688,3959.899902,0.013510041066603806,0.005895806,0.2715222192120683
7/21/2022,153.0975341796875,3998.949951171875,0.015094182,0.009861373,0.25722452827878534
7/22/2022,151.8557891845703,3961.629883,-0.00811081,-0.009332467,0.2598119911775767
7/25/2022,150.73231506347656,3966.840087890625,-0.007398296,0.001315167,0.2577586426275043
7/26/2022,149.40191650390625,3921.050048828125,-0.008826233,-0.011543203,0.25166024639273543
7/27/2022,154.51663208007812,4023.610107421875,0.034234605,0.026156273782937722,0.2729525870577975
7/28/2022,155.0685577392578,4072.429931640625,0.00357195,0.012133338697180918,0.2421238083104936
7/29/2022,160.15367126464844,4130.290039,0.03279268,0.014207760082581844,0.2579285773201386
8/1/2022,159.1682129,4118.629883,-0.006153205,-0.002823084,0.2461218890644139
8/2/2022,157.68995666503906,4091.189941,-0.009287383,-0.006662396,0.2513250748462191
8/3/2022,163.7212371826172,4155.169922,0.038247715,0.015638477163140152,0.2711349191621083
8/4/2022,163.4058837890625,4151.939941,-0.001926161,-0.00077734,0.2730963457171477
8/5/2022,163.17886352539062,4145.189941,-0.001389303,-0.001625746,0.26756914980776286
8/8/2022,162.7051544189453,4140.060059,-0.002903005,-0.001237551,0.2693363178768658
8/9/2022,162.75453186035156,4122.470215,0.000303478,-0.004248693,0.2598307166325865
8/10/2022,167.0178223,4210.240234,0.026194603348627332,0.021290637641290244,0.26875535375179993
8/11/2022,166.2776641845703,4207.27002,-0.004431611,-0.000705474,0.26970820240853227
8/12/2022,169.84027099609375,4280.149902,0.021425648652177998,0.017322368774566943,0.27031189045736814
8/15/2022,170.9159393310547,4297.140137,0.006333412,0.003969542,0.2698935016631193
8/16/2022,170.75807189941406,4305.200195,-0.000923655,0.00187568,0.2525146457879922
8/17/2022,172.25808715820312,4274.040039,0.008784447,-0.007237795,0.24319192251484922
8/18/2022,171.86334228515625,4283.740234,-0.00229159,0.002269561,0.24410436589393042
8/19/2022,169.26788330078125,4228.47998,-0.015101877,-0.012900001,0.2527339550313623
8/22/2022,165.3697509765625,4137.990234,-0.023029368,-0.021400065,0.2672844725859742
8/23/2022,165.03419494628906,4128.72998,-0.002029126,-0.002237863,0.26498578601844897
8/24/2022,165.3302459716797,4140.77002,0.001793877,0.00291616,0.26079871795402426
8/25/2022,167.79747009277344,4199.120117,0.014923005,0.014091605518061545,0.2413420239444806
8/26/2022,161.47161865234375,4057.659912109375,-0.037699325,-0.033688059,0.2813819033861331
8/29/2022,159.26100158691406,4030.610107421875,-0.013690437,-0.006666356,0.2629168670128841
8/30/2022,156.82345581054688,3986.159912109375,-0.015305353,-0.011028156,0.2674289827354052
8/31/2022,155.15565490722656,3955,-0.010634894,-0.007817025,0.26802241901073903
9/1/2022,155.88592529296875,3966.850098,0.004706695,0.002996232,0.22906429624914426
9/2/2022,153.7641602,3924.260009765625,-0.013611012,-0.0107365,0.23241894037306493
9/6/2022,152.5009307861328,3908.189941,-0.008215369,-0.004095057,0.2331027288102294
9/7/2022,153.91217041015625,3979.870117,0.009253974,0.018341016,0.23701294505980008
9/8/2022,152.43186950683594,4006.179931640625,-0.009617829,0.006610722,0.23800534378468077
9/9/2022,155.30368041992188,4067.360107421875,0.018839964,0.015271449816332883,0.22777912870334402
9/12/2022,161.2841033935547,4110.410156,0.038507928192445195,0.010584273,0.26990252969240247
9/13/2022,151.8200225830078,3932.689941,-0.058679564,-0.043236613,0.3224086759213367
9/14/2022,153.27072143554688,3946.010009765625,0.009555386,0.003387012,0.32404091605253604
9/15/2022,150.3693084716797,3901.350098,-0.018929988,-0.011317739,0.32719283327695675
9/16/2022,148.7212371826172,3873.330078,-0.010960157,-0.007182134,0.3232039003988899
9/19/2022,152.45159912109375,3899.889892578125,0.025082913571354837,0.006857101,0.3413853802833312
9/20/2022,154.8398438,3855.929931640625,0.015665592507227544,-0.011272103,0.3470368212789831
9/21/2022,151.70159912109375,3789.929931640625,-0.020267681,-0.017116494,0.3452563993064969
9/22/2022,150.73448181152344,3757.989990234375,-0.006375129,-0.008427581,0.34529235014959125
9/23/2022,148.45477294921875,3693.22998,-0.015124004,-0.017232619,0.34663760412448125
9/26/2022,148.79031372070312,3655.040039,0.002260222,-0.010340526,0.34023690629270886
9/27/2022,149.767334,3647.290039,0.006566424,-0.00212036,0.3214692371448884
9/28/2022,147.87252807617188,3719.040039,-0.012651663,0.019672139926234733,0.3210693260400066
9/29/2022,140.6091766357422,3640.469970703125,-0.049119005,-0.021126438,0.3563845839037195
9/30/2022,136.3853759765625,3585.620117,-0.030039296,-0.015066696,0.3664872784006751
10/3/2022,140.57957458496094,3678.429931640625,0.030752553771741686,0.025883894952576147,0.3865125341807824
10/4/2022,144.18162536621094,3790.929931640625,0.025622860162185734,0.030583700679551518,0.39872068014855594
10/5/2022,144.47772216796875,3783.280029296875,0.002053638,-0.002017949,0.3985358075551056
10/6/2022,143.52044677734375,3744.52002,-0.006625765,-0.010245081,0.3965432140306924
10/7/2022,138.25054931640625,3639.659912109375,-0.036718792,-0.028003618,0.41299392342436675
10/10/2022,138.5762176513672,3612.389892578125,0.002355639,-0.007492464,0.4052242721068798
10/11/2022,137.1551055908203,3588.840087890625,-0.010255093,-0.006519176,0.3730360941383794
10/12/2022,136.52354431152344,3577.030029296875,-0.004604723,-0.003290773,0.3231021622734683
10/13/2022,141.11248779296875,3669.909912109375,0.033612836,0.025965642,0.3465121341344471
10/14/2022,136.56300354003906,3583.070068359375,-0.032240125,-0.023662664,0.35679822218092017
10/17/2022,140.54010009765625,3677.949951171875,0.029122796,0.026480052302171098,0.3740206133479928
10/18/2022,141.86253356933594,3719.97998,0.009409652,0.011427569666488724,0.36328297768380385
10/19/2022,141.97105407714844,3695.159912109375,0.000764969,-0.006672097,0.3571633533676114
10/20/2022,141.5072479248047,3665.780029296875,-0.003266906,-0.00795091,0.3521556133939386
10/21/2022,145.3363037109375,3752.75,0.027059078897269773,0.02372482,0.36693893354893325
10/24/2022,147.48765563964844,3797.340087890625,0.014802577702745179,0.011881976654619875,0.3675611671086841
10/25/2022,150.33970642089844,3859.110107421875,0.019337556,0.016266654579669915,0.3736266086840107
10/26/2022,147.3889617919922,3830.600098,-0.019627181,-0.007387716,0.37946903821854794
10/27/2022,142.89871215820312,3807.300048828125,-0.030465305,-0.006082611,0.39149053415607893
10/28/2022,153.6950684,3901.060059,0.075552509,0.024626377895927698,0.435501492
10/31/2022,151.3265838623047,3871.97998,-0.015410283,-0.007454404,0.42362692275775643
11/1/2022,148.67190551757812,3856.100098,-0.01754271,-0.004101231,0.4200812477459648
11/2/2022,143.12570190429688,3759.689941,-0.037304988,-0.025001985,0.43371368889385525
11/3/2022,137.05645751953125,3719.889892578125,-0.042404993,-0.010585992,0.4577402037303115
11/4/2022,136.78958129882812,3770.550048828125,-0.001947199,0.013618724670070526,0.45744631993219703
11/7/2022,137.32333374023438,3806.800048828125,0.003901996,0.009613982,0.4397833221660122
11/8/2022,137.8966827392578,3828.110107421875,0.004175175,0.005597893,0.43994914976307553
11/9/2022,133.31988525390625,3748.570068359375,-0.033190048,-0.020777887,0.4537266976262457
11/10/2022,145.1819610595703,3956.370117,0.088974543,0.055434484,0.5498815445539722
11/11/2022,147.97943115234375,3992.929931640625,0.019268717,0.009240747,0.5421721264145105
11/14/2022,146.5757598876953,3957.25,-0.009485584,-0.008935777,0.5292132777363853
11/15/2022,148.31553649902344,3991.72998,0.01186947,0.008713117,0.5221769053986798
11/16/2022,147.0798797607422,3958.790039,-0.00833127,-0.008252046,0.5230787229806845
11/17/2022,148.98773193359375,3946.560059,0.012971537,-0.003089323,0.5243569066388385
11/18/2022,149.5511932373047,3965.340087890625,0.003781931,0.004758582,0.5238965296198556
11/21/2022,146.30886840820312,3949.939941,-0.021680367,-0.003883689,0.5230663564469696
11/22/2022,148.45391845703125,4003.580078,0.014661107506097393,0.013579987927526016,0.5230189377706715
11/23/2022,149.33370971679688,4027.260009765625,0.005926359,0.005914689,0.5190828850782011
11/25/2022,146.4077148,4026.120117,-0.019593666,-0.000283044,0.5190667875869689
11/28/2022,142.56243896484375,3963.939941,-0.026264162,-0.015444193,0.516137589
11/29/2022,139.54747009277344,3957.629883,-0.02114841,-0.001591865,0.4420629831245538
11/30/2022,146.32862854003906,4080.110107421875,0.048593919,0.030947872397389053,0.47596323507602745
12/1/2022,146.60543823242188,4076.570068359375,0.001891699,-0.000867633,0.47229175459993444
12/2/2022,146.11117553710938,4071.699951171875,-0.00337138,-0.00119466,0.4529835437546046
12/5/2022,144.94471740722656,3998.840087890625,-0.00798336,-0.017894212,0.4259668938493998
12/6/2022,141.2675018310547,3941.260009765625,-0.02536978,-0.014399195,0.4369804024410804
12/7/2022,139.3201446533203,3933.919922,-0.013784891,-0.001862371,0.4402352490768362
12/8/2022,141.01046752929688,3963.510009765625,0.012132652,0.007521782,0.441808715
12/9/2022,140.52610778808594,3934.379883,-0.00343492,-0.007349578,0.424106091
12/12/2022,142.82933044433594,3990.560059,0.016389998218147905,0.014279296218109305,0.29246447336639997
12/13/2022,143.79808044433594,4019.649902,0.00678257,0.007289664,0.28486699527201104
12/14/2022,141.56405639648438,3995.320068359375,-0.015535841,-0.006052725,0.28783668290282544
12/15/2022,134.9311523,3895.75,-0.046854436,-0.024921675,0.3231832886901037
12/16/2022,132.96401977539062,3852.360107421875,-0.014578787,-0.011137751,0.3248862616857105
12/19/2022,130.84861755371094,3817.659912109375,-0.015909584,-0.009007516,0.3205876481698141
12/20/2022,130.7794189453125,3821.620117,-0.000528845,0.001037338,0.3192807120608401
12/21/2022,133.8932342529297,3878.439941,0.023809673821224786,0.014867993802734736,0.33014682220958236
12/22/2022,130.71023559570312,3822.389892578125,-0.023772662,-0.0144517,0.32960745559085974
12/23/2022,130.3444824,3844.820068359375,-0.002798198,0.005868103,0.32705952032100866
12/27/2022,128.5355224609375,3829.25,-0.013878301,-0.004049622,0.32471310637450357
12/28/2022,124.59138488769531,3783.219970703125,-0.030685195,-0.012020638,0.3285313255739317
12/29/2022,128.12033081054688,3849.280029296875,0.028324157,0.017461332,0.3444663809439121
12/30/2022,128.43666076660156,3839.5,0.002469007,-0.002540742,0.2885222219137538
1/3/2023,123.63252258300781,3824.139892578125,-0.037404727,-0.004000549,0.3064772428055247
1/4/2023,124.90769958496094,3852.969970703125,0.010314252,0.007538971,0.3126324365839786
1/5/2023,123.5831069946289,3808.100098,-0.010604571,-0.011645529,0.31284146560527626
1/6/2023,128.13021850585938,3895.080078,0.036793957,0.022840781,0.3406694742926973
1/9/2023,128.65414428710938,3892.090087890625,0.00408901,-0.000767633,0.3401027052727711
1/10/2023,129.22744750976562,3919.25,0.004456158,0.006978233,0.3366603235402701
1/11/2023,131.95574951171875,3969.610107421875,0.021112403,0.012849424614881588,0.3476752550549174
1/12/2023,131.8766632080078,3983.169922,-0.00059934,0.003415906,0.34079612928856823
1/13/2023,133.2111816,3999.090087890625,0.010119443426561903,0.003996858,0.3422663802658596
1/17/2023,134.3776092529297,3990.969970703125,0.008756229,-0.002030491,0.34176907788813915
1/18/2023,133.6560059,3928.860107421875,-0.005369967,-0.015562599,0.30138640655270066
1/19/2023,133.71530151367188,3898.850098,0.000443644,-0.00763835,0.29686517012422187
1/20/2023,136.2854004,3972.610107421875,0.019220679,0.018918401045981525,0.2974372411867168
1/23/2023,139.48818969726562,4019.810059,0.023500604594921315,0.011881345,0.30626981488201815
1/24/2023,140.89183044433594,4016.949951171875,0.010062792772038032,-0.000711503,0.2982404606794547
1/25/2023,140.22958374023438,4016.219970703125,-0.004700391,-0.000181725,0.2839688148071994
1/26/2023,142.30543518066406,4060.429931640625,0.014803234703135493,0.011007853469181317,0.28558683330353823
1/27/2023,144.25277709960938,4070.560059,0.013684241,0.002494841,0.27931956702138744
1/30/2023,141.3564453,4017.77002,-0.02007817,-0.012968741,0.26392330765022665
1/31/2023,142.6316375732422,4076.600098,0.009021112,0.014642470285510134,0.25168650941583925
2/1/2023,143.75851440429688,4119.209961,0.007900609,0.010452303944590291,0.2516356887493803
2/2/2023,149.08657836914062,4179.759766,0.037062598,0.014699373244309921,0.22214681809635828
2/3/2023,152.72427368164062,4136.47998,0.024399884632760216,-0.010354611,0.22842912397155846
2/6/2023,149.98609924316406,4111.080078,-0.017928875,-0.006140463,0.23785407933215086
2/7/2023,152.8725586,4164,0.019244845790050702,0.012872511,0.21941260127226828
2/8/2023,150.17391967773438,4117.859863,-0.017652867,-0.011080724,0.23716965112346042
2/9/2023,149.13601684570312,4081.5,-0.006911339,-0.008829796,0.2422219311341623
2/10/2023,149.50228881835938,4090.459961,0.002455959,0.002195262,0.2370507068134576
2/13/2023,152.3139648,4137.290039,0.018806909563817698,0.011448609342766147,0.23969048251771466
2/14/2023,151.67044067382812,4136.129883,-0.004224985,-0.000280415,0.2424671726731792
2/15/2023,153.77919006347656,4147.600098,0.013903496161017825,0.002773176,0.24377376216267718
2/16/2023,152.17535400390625,4090.409912109375,-0.010429474,-0.013788741,0.24749382183009097
2/17/2023,151.0269317626953,4079.090087890625,-0.007546703,-0.002767406,0.25139865635347347
2/21/2023,146.9975586,3997.340087890625,-0.026679832,-0.020041234,0.27039576132036763
2/22/2023,147.4232635498047,3991.050048828125,0.002896,-0.001573556,0.2606757480481133
2/23/2023,147.90838623046875,4012.320068359375,0.003290679,0.005329429,0.2593394647438435
2/24/2023,145.2452392578125,3970.040039,-0.018005382,-0.010537551,0.2679114240649789
2/27/2023,146.4431610107422,3982.239990234375,0.00824758,0.003073005,0.2648504312235144
2/28/2023,145.93826293945312,3970.149902,-0.003447741,-0.003036002,0.26154666286929706
3/1/2023,143.85922241210938,3951.389892578125,-0.014246028,-0.004725265,0.2564443124514777
3/2/2023,144.45323181152344,3981.350098,0.004129102,0.007582194,0.25506289960053613
3/3/2023,149.5220947265625,4045.639892578125,0.035089993,0.016147737,0.2807908066315181
3/6/2023,152.29417419433594,4048.419922,0.018539597594876334,0.000687167,0.2580780455169757
3/7/2023,150.08641052246094,3986.370117,-0.014496705,-0.015326919,0.2489176261572063
3/8/2023,151.34375,3992.010009765625,0.008377437,0.001414794,0.2425928464130443
3/9/2023,149.0865020751953,3918.320068359375,-0.014914709,-0.018459358,0.23822739891494144
3/10/2023,147.01736450195312,3861.590087890625,-0.013878772,-0.014478138,0.23526081245580044
3/13/2023,148.96771240234375,3855.760009765625,0.013266105721577715,-0.001509761,0.23912363917848314
3/14/2023,151.06651306152344,3919.290039,0.014088963476267091,0.016476655480623936,0.2439430163574519
3/15/2023,151.46253967285156,3891.929931640625,0.002621538,-0.006980884,0.23500835799931855
3/16/2023,154.29400634765625,3960.280029296875,0.018694171383369484,0.017562006217166637,0.2432822289640246
3/17/2023,153.45245361328125,3916.639892578125,-0.005454215,-0.011019457,0.2394859595898702
3/20/2023,155.82850646972656,3951.570068359375,0.015483967838228585,0.008918404,0.24206725737858886
3/21/2023,157.68972778320312,4002.870117,0.011944036143593184,0.012982193897784988,0.24256779817416937
3/22/2023,156.25421142578125,3936.969970703125,-0.009103423,-0.016463224,0.22308850900503913
3/23/2023,157.34323120117188,3948.719970703125,0.006969539,0.002984529,0.223509137
3/24/2023,158.65003967285156,3970.989990234375,0.008305464,0.005639807,0.22420882223115926
3/27/2023,156.69972229003906,3977.530029296875,-0.012293205,0.001646954,0.21811545132035756
3/28/2023,156.0760040283203,3971.27002,-0.003980341,-0.001573843,0.21902185889938644
3/29/2023,159.1648712158203,4027.810059,0.019790789,0.014237268879836451,0.22494423945685404
3/30/2023,160.73899841308594,4050.830078,0.009889916,0.005715269,0.21529014785730644
3/31/2023,163.25363159179688,4109.310059,0.015644200869340708,0.014436542471763847,0.21812106345189217
4/3/2023,164.51095581054688,4124.509766,0.007701662,0.003698846,0.19092987008703827
4/4/2023,163.97634887695312,4100.600098,-0.003249674,-0.005796972,0.18577669118193746
4/5/2023,162.12498474121094,4090.379883,-0.011290434,-0.002492371,0.18213979970282634
4/6/2023,163.01602172851562,4105.02002,0.005495988,0.003579163,0.1814884462111077
4/10/2023,160.4122772216797,4109.109863,-0.015972323,0.000996303,0.18288000815959743
4/11/2023,159.19456481933594,4108.939941,-0.007591142,-4.14E-05,0.17651349747903552
4/12/2023,158.50155639648438,4091.949951171875,-0.004353217,-0.004134884,0.175225124
4/13/2023,163.90704345703125,4146.220215,0.034103684427081005,0.01326269,0.2027206050556578
4/14/2023,163.5605469,4137.640137,-0.002113982,-0.002069373,0.20377828742758136
4/17/2023,163.58033752441406,4151.319824,0.000120999,0.003306157,0.1966411693198707
4/18/2023,164.8079376220703,4154.870117,0.00750457,0.00085522,0.19485376894212353
4/19/2023,165.95635986328125,4154.52002,0.006968246,-8.43E-05,0.19042439577090634
4/20/2023,164.98614501953125,4129.790039,-0.005846205,-0.005952548,0.18995121246831104
4/21/2023,163.3724365234375,4133.52002,-0.009780873,0.000903189,0.19047400524865984
4/24/2023,163.67933654785156,4137.040039,0.00187853,0.000851579,0.18967970212607507
4/25/2023,162.13491821289062,4071.629883,-0.009435634,-0.015810859,0.19212913783299015
4/26/2023,162.12498474121094,4055.989990234375,-6.13E-05,-0.003841187,0.18595515389391812
4/27/2023,166.72860717773438,4135.350098,0.028395515002649807,0.01956615,0.20623769239798728
4/28/2023,167.98590087890625,4169.47998,0.00754096,0.008253203,0.1980454263692107
5/1/2023,167.89682006835938,4167.870117,-0.000530287,-0.000386106,0.19652628057251348
5/2/2023,166.85728454589844,4119.580078,-0.006191514,-0.011586263,0.19214135208340344
5/3/2023,165.77816772460938,4090.75,-0.006467304,-0.006998305,0.1922850238334279
5/4/2023,164.13473510742188,4061.219970703125,-0.009913444,-0.007218732,0.19525643095152082
5/5/2023,171.83709716796875,4136.25,0.046927069127116194,0.018474751389515376,0.24911945973142155
5/8/2023,171.7677764892578,4138.120117,-0.000403409,0.000452129,0.2491799326114773
5/9/2023,170.0550537109375,4119.169922,-0.009971153,-0.004579421,0.2443620997051751
5/10/2023,171.82716369628906,4137.640137,0.010420801656173317,0.004483965,0.242583281
5/11/2023,172.0152587890625,4130.620117,0.001094676,-0.001696624,0.2410187999852915
5/12/2023,171.08338928222656,4124.080078,-0.005417365,-0.001583307,0.21647916152142416
5/15/2023,170.5876922607422,4136.279785,-0.0028974,0.002958164,0.21668956395902667
5/16/2023,170.5876922607422,4109.899902,0,-0.006377683,0.21670383764520978
5/17/2023,171.2023162841797,4158.77002,0.00360298,0.011890829058788244,0.2158946682430612
5/18/2023,173.5419922,4198.049805,0.013666146312160121,0.009445049,0.21909860983916843
5/19/2023,173.6510467529297,4191.97998,0.000628404,-0.001445868,0.217235439
5/22/2023,172.69932556152344,4192.629883,-0.005480653,0.000155035,0.214660882
5/23/2023,170.08206176757812,4145.580078,-0.015155032,-0.011222027,0.22344491112602421
5/24/2023,170.35963439941406,4115.240234,0.001631992,-0.0073186,0.2196132429891165
5/25/2023,171.49974060058594,4151.279785,0.006692349,0.008757581,0.21988670400127397
5/26/2023,173.91871643066406,4205.450195,0.014104837,0.013049087,0.20389338039706603
5/30/2023,175.77264404296875,4205.52002,0.010659736055744107,1.660326849850513e-05,0.20522589367311994
5/31/2023,175.72305297851562,4179.830078,-0.000282132,-0.006108624,0.20518551080953218
6/1/2023,178.53858947753906,4221.02002,0.016022579003152515,0.009854454,0.2080797383041803
6/2/2023,179.3911590576172,4282.370117,0.004775268,0.014534424705965554,0.2050475846110107
6/5/2023,178.03298950195312,4273.790039,-0.007570995,-0.002003582,0.2032198527879756
6/6/2023,177.6661834716797,4283.850098,-0.002060326,0.002353896,0.13056360739796452
6/7/2023,176.28814697265625,4267.52002,-0.007756324,-0.00381201,0.13442815474767833
6/8/2023,179.0144500732422,4293.930176,0.015465039183881313,0.006188643,0.13648540534746936
6/9/2023,179.40109252929688,4298.859863,0.002159839,0.00114806,0.13339693303600555
6/12/2023,182.20669555664062,4338.930176,0.015638718,0.009321149,0.14130961336202966
6/13/2023,181.73080444335938,4369.009766,-0.00261182,0.00693249,0.13958204676209804
6/14/2023,182.36532592773438,4372.589844,0.003491546,0.000819426,0.13797473319132417
6/15/2023,184.40757751464844,4425.839844,0.011198683612274829,0.012178137,0.14011858647060935
6/16/2023,183.3269805908203,4409.589844,-0.005859829,-0.00367162,0.14402645088318908
6/20/2023,183.41619873046875,4388.709961,0.000486661,-0.004735108,0.13923392662498474
6/21/2023,182.37525939941406,4365.689941,-0.005675286,-0.005245282,0.14208468972321076
6/22/2023,185.38905334472656,4381.890137,0.016525234591782567,0.003710798,0.14711503127571218
6/23/2023,185.07180786132812,4348.330078,-0.001711242,-0.007658809,0.1323546898179365
6/26/2023,183.67398071289062,4328.819824,-0.007552891,-0.004486838,0.1381767145362487
6/27/2023,186.4399414,4378.410156,0.015059077407828303,0.011455854954693034,0.14345524643859922
6/28/2023,187.6196746826172,4376.859863,0.006327685,-0.000354077,0.1390307664914304
6/29/2023,187.9567413330078,4396.439941,0.001796542,0.004473545,0.1367751041967356
6/30/2023,192.2990264892578,4450.379883,0.023102577356119758,0.012269004495714109,0.15231176254497336
7/3/2023,190.80203247070312,4455.589844,-0.00778472,0.001170678,0.15163968472585101
7/5/2023,189.6817626953125,4446.819824,-0.005871372,-0.001968318,0.15471030512943898
7/6/2023,190.15762329101562,4411.589844,0.002508731,-0.007922511,0.15014790056223978
7/7/2023,189.0373535,4398.950195,-0.005891269,-0.002865101,0.15240357331692048
7/10/2023,186.9851837158203,4409.529785,-0.010855896,0.002405026,0.1555071534145159
7/11/2023,186.4597625732422,4439.259766,-0.002809961,0.006742211,0.1496084350826846
7/12/2023,188.13519287109375,4472.160156,0.008985479,0.007411233,0.15156498332034835
7/13/2023,188.8985595703125,4510.040039,0.004057543,0.008470153,0.14384475772513078
7/14/2023,189.0472869873047,4505.419922,0.00078734,-0.001024407,0.1430232931800847
7/17/2023,192.3188477,4522.790039,0.017305515043783748,0.003855383,0.1526195736199282
7/18/2023,192.06106567382812,4554.97998,-0.001340389,0.007117275,0.1498510241161358
7/19/2023,193.4192657470703,4565.720215,0.00707171,0.00235791,0.14801038892761256
7/20/2023,191.4662628173828,4534.870117,-0.010097251,-0.006756896,0.15431772914424535
7/21/2023,190.2864990234375,4536.339844,-0.006161732,0.000324095,0.15463511551910883
7/24/2023,191.08950805664062,4554.640137,0.00422,0.004034154,0.1457611347454821
7/25/2023,191.9520263671875,4567.459961,0.004513687,0.002814673,0.14563726106576863
7/26/2023,192.82444763183594,4566.75,0.004544996,-0.000155439,0.14184981290928877
7/27/2023,191.5554962158203,4537.410156,-0.006580864,-0.006424666,0.1371615434440882
7/28/2023,194.14297485351562,4582.22998,0.013507723,0.009877843,0.14260808571881875
7/31/2023,194.75767517089844,4588.959961,0.003166225,0.001468713,0.1427026540493499
8/1/2023,193.92486572265625,4576.72998,-0.004276132,-0.002665088,0.12089202319280827
8/2/2023,190.92098999023438,4513.390137,-0.015489895,-0.013839541,0.13008493430635157
8/3/2023,189.5231170654297,4501.890137,-0.007321735,-0.002547974,0.1310121324266745
8/4/2023,180.4221954345703,4478.029785,-0.048020114,-0.005300074,0.2111829643879176
8/7/2023,177.3092803955078,4518.439941,-0.017253504,0.009024093,0.21712487659458515
8/8/2023,178.25108337402344,4499.379883,0.00531164,-0.004218283,0.2169348616878372
8/9/2023,176.65496826171875,4467.709961,-0.008954308,-0.00703873,0.21819847983200663
8/10/2023,176.43682861328125,4468.830078,-0.001234834,0.000250714,0.21427030683129464
8/11/2023,176.49639892578125,4464.049805,0.00033763,-0.001069692,0.21311875449103085
8/14/2023,178.15426635742188,4489.720215,0.009393208,0.005750476,0.2171642232971342
8/15/2023,176.1588592529297,4437.859863,-0.011200445,-0.011550909,0.20619866306843487
8/16/2023,175.28529357910156,4404.330078,-0.004958965,-0.007555395,0.20597183575008654
8/17/2023,172.73399353027344,4370.359863,-0.014555129,-0.007712913,0.2045988828368112
8/18/2023,173.22044372558594,4369.709961,0.002816181,-0.000148707,0.20566409990976167
8/21/2023,174.5605926513672,4399.77002,0.007736667,0.006879189,0.2099889326467584
8/22/2023,175.9404754638672,4387.549805,0.007904893,-0.002777467,0.2121860365814184
8/23/2023,179.80218505859375,4436.009766,0.021948955,0.011044879965972587,0.2287805993289706
8/24/2023,175.0966797,4376.310059,-0.026170457,-0.013457975,0.2404479750566938
8/25/2023,177.31044006347656,4405.709961,0.012643074557024958,0.006717966,0.24744269891516643
8/28/2023,178.87896728515625,4433.310059,0.00884622,0.00626462,0.24389384676784084
8/29/2023,182.78036499023438,4497.629883,0.021810265,0.014508307,0.25868485593494156
8/30/2023,186.28465270996094,4514.870117,0.019172123,0.003833182,0.2696229821828953
8/31/2023,186.50306701660156,4507.660156,0.001172476,-0.001596937,0.26508237866305817
9/1/2023,188.08151245117188,4515.77002,0.008463375,0.001799129,0.26596237607989764
9/5/2023,188.3197479248047,4496.830078,0.001266661,-0.004194178,0.20131397704177686
9/6/2023,181.57916259765625,4465.47998,-0.0357933,-0.006971599,0.23173869499039856
9/7/2023,176.26809692382812,4451.140137,-0.029249313,-0.003211266,0.25394233906272834
9/8/2023,176.88356018066406,4457.490234,0.003491632,0.001426623,0.2523205049968375
9/11/2023,178.0549774169922,4487.459961,0.006622533,0.006723453,0.25323067809559463
9/12/2023,175.01724243164062,4461.899902,-0.017060657,-0.005695886,0.2604887482139497
9/13/2023,172.94247436523438,4467.439941,-0.01185465,0.001241632,0.2609543142426762
9/14/2023,174.46133422851562,4505.100098,0.008782457,0.008429919,0.26056659021090317
9/15/2023,173.73663330078125,4450.319824,-0.004153934,-0.012159613,0.2604013283357428
9/18/2023,176.6750946044922,4453.529785,0.016913308655082115,0.000721288,0.2615001527625142
9/19/2023,177.76710510253906,4443.950195,0.006180897,-0.002151011,0.2620205809366398
9/20/2023,174.21315002441406,4402.200195,-0.019992198,-0.009394795,0.27097864227556434
9/21/2023,172.66448974609375,4330,-0.008889457,-0.016400934,0.2710859066111725
9/22/2023,173.51821899414062,4320.060059,0.00494444,-0.002295598,0.2592847003754591
9/25/2023,174.79885864257812,4337.439941,0.007380433,0.004023065,0.24481135253559225
9/26/2023,170.70884704589844,4273.529785,-0.023398388,-0.014734534,0.2531156929449568
9/27/2023,169.18995666503906,4274.509766,-0.008897549,0.000229314,0.2512718429036985
9/28/2023,169.4480743408203,4299.700195,0.001525609,0.005893174,0.23586872105639706
9/29/2023,169.9642791748047,4288.049805,0.003046389,-0.002709582,0.22258422290042987
10/2/2023,172.48580932617188,4288.390137,0.014835647605540903,7.936755559079245e-05,0.23163556059633256
10/3/2023,171.14561462402344,4229.450195,-0.007769884,-0.013744072,0.2277669771281642
10/4/2023,172.3964385986328,4263.75,0.007308537,0.008109755,0.2305997148500354
10/5/2023,173.63734436035156,4258.189941,0.007197978,-0.00130403,0.20252306295492242
10/6/2023,176.1986083984375,4308.5,0.014750651984002383,0.011814893014644445,0.18463003511906403
10/9/2023,177.68768310546875,4335.660156,0.008451115,0.006303854,0.18658524118547737
10/10/2023,177.09205627441406,4358.240234,-0.0033521,0.005207991,0.18551071665955784
10/11/2023,178.4917755126953,4376.950195,0.007903908,0.004293008,0.17686539713941077
10/12/2023,179.3951873779297,4349.609863,0.005061364,-0.006246434,0.17098895610677742
10/13/2023,177.5487060546875,4327.779785,-0.010292814,-0.005018859,0.1739190579661435
10/16/2023,177.41964721679688,4373.629883,-0.000726893,0.010594369,0.17306908910906854
10/17/2023,175.86105346679688,4373.200195,-0.008784787,-9.82E-05,0.1661586670272773
10/18/2023,174.5605926513672,4314.600098,-0.00739482,-0.013399821,0.16627829822594425
10/19/2023,174.1833953857422,4278,-0.002160839,-0.008482848,0.15114962029451776
10/20/2023,171.62213134765625,4224.160156,-0.01470441,-0.012585284,0.15671553232434784
10/23/2023,171.74127197265625,4217.040039,0.000694203,-0.00168557,0.15563117306314328
10/24/2023,172.17807006835938,4247.680176,0.00254335,0.007265792,0.1534537706954351
10/25/2023,169.8551025390625,4186.77002,-0.013491657,-0.014339629,0.13803173641914682
10/26/2023,165.6757354736328,4137.22998,-0.024605484,-0.01183252,0.15954746661877878
10/27/2023,166.99603271484375,4117.370117,0.007969165,-0.00480028,0.16234446712023567
10/30/2023,169.0509796142578,4166.819824,0.012305363582636897,0.012010022325859904,0.16806398918660656
10/31/2023,169.52749633789062,4193.799805,0.002818775,0.006474957,0.15944997484642146
11/1/2023,172.7042236328125,4237.859863,0.018738714152837233,0.010505999486313922,0.17083383959633852
11/2/2023,176.27801513671875,4317.779785,0.020693133200404557,0.018858557,0.183397877
11/3/2023,175.3647003173828,4358.339844,-0.005181105,0.00939373,0.18324582889829355
11/6/2023,177.92593383789062,4365.97998,0.014605182889557478,0.001752992,0.1831042754190527
11/7/2023,180.49710083007812,4378.379883,0.014450771,0.002840119,0.18750206062614125
11/8/2023,181.55931091308594,4382.779785,0.005884915,0.001004916,0.187646456
11/9/2023,181.08277893066406,4347.350098,-0.002624663,-0.008083839,0.18648578566593002
11/10/2023,185.2875518798828,4415.240234,0.023220170211926794,0.015616441094852496,0.2017565594371166
11/13/2023,183.69708251953125,4411.549805,-0.00858379,-0.000835839,0.2005687787120107
11/14/2023,186.3213653564453,4495.700195,0.014285925508016994,0.019075017703661823,0.20497543108012917
11/15/2023,186.8879395,4502.879883,0.003040843,0.001597012,0.20088801566275222
11/16/2023,188.5778045654297,4508.240234,0.00904213,0.001190427,0.19824785718825752
11/17/2023,188.55792236328125,4514.02002,-0.000105432,0.001282049,0.19760131495468022
11/20/2023,190.30740356445312,4547.379883,0.009278216,0.007390278,0.18636117543233213
11/21/2023,189.50222778320312,4538.189941,-0.004230922,-0.002020931,0.18856258989391114
11/22/2023,190.16824340820312,4556.620117,0.003514553,0.004061129,0.188448425
11/24/2023,188.83624267578125,4559.339844,-0.007004328,0.000596874,0.18172988548463395
11/27/2023,188.65731811523438,4550.430176,-0.000947512,-0.001954157,0.14839341047441193
11/28/2023,189.2636719,4554.890137,0.003214048,0.000980119,0.14861183093508012
11/29/2023,188.23983764648438,4550.580078,-0.005409565,-0.000946249,0.15180680540953906
11/30/2023,188.8163604736328,4567.799805,0.003062704,0.003784073,0.15176142180124383
12/1/2023,190.09866333007812,4594.629883,0.00679127,0.005873742,0.14375179800219726
12/4/2023,188.29945373535156,4569.779785,-0.009464609,-0.005408509,0.1391489227548267
12/5/2023,192.26565551757812,4567.180176,0.021063268,-0.00056887,0.14864753863514232
12/6/2023,191.17222595214844,4549.339844,-0.005687077,-0.003906203,0.1477682761940821
12/7/2023,193.11058044433594,4585.589844,0.010139310156239256,0.007968189,0.144447467
12/8/2023,194.5419922,4604.370117,0.007412394,0.004095498,0.1448933156252015
12/11/2023,192.02708435058594,4622.439941,-0.012927326,0.003924494,0.154320299
12/12/2023,193.5479736328125,4643.700195,0.007920181,0.004599358,0.13699356825848802
12/13/2023,196.7785645,4707.089844,0.016691421561671138,0.013650676351045998,0.14006841696790434
12/14/2023,196.9276580810547,4719.549805,0.000757672,0.002647062,0.13444795307190743
12/15/2023,196.39088439941406,4719.189941,-0.00272574,-7.62E-05,0.13572754302602358
12/18/2023,194.7209014892578,4740.560059,-0.008503363,0.004528344,0.13848819653222322
12/19/2023,195.76466369628906,4768.370117,0.005360299,0.005866408,0.13895165081074357
12/20/2023,193.66725158691406,4698.350098,-0.010713946,-0.014684267,0.14264770839258464
12/21/2023,193.5181121826172,4746.75,-0.000770081,0.010301467821202559,0.1415876145021991
12/22/2023,192.44459533691406,4754.629883,-0.005547371,0.001660059,0.14306174110236905
12/26/2023,191.8978729248047,4774.75,-0.002840934,0.004231689,0.1409832716608232
12/27/2023,191.9972686767578,4781.580078,0.000517962,0.001430458,0.140845258
12/28/2023,192.42471313476562,4783.350098,0.002226305,0.000370175,0.14067989187980812
12/29/2023,191.38096618652344,4769.830078,-0.005424183,-0.002826475,0.14068806515265042
1/2/2024,184.53208923339844,4742.830078,-0.035786615,-0.005660579,0.18898217216267008
1/3/2024,183.1503906,4704.810059,-0.007487579,-0.008016315,0.18801228655697805
1/4/2024,180.8243408203125,4688.680176,-0.012700218,-0.003428381,0.19001843542561467
1/5/2024,180.0987091064453,4697.240234,-0.004012909,0.001825686,0.1707868632181073
1/8/2024,184.4525604248047,4763.540039,0.024174806,0.014114629309846638,0.19464414106621739
1/9/2024,184.0350799560547,4756.5,-0.002263349,-0.001477901,0.18987796819508468
1/10/2024,185.07879638671875,4783.450195,0.005671291,0.005665972,0.1888579991739351
1/11/2024,184.48239135742188,4780.240234,-0.003222438,-0.000671056,0.1849310245929511
1/12/2024,184.81040954589844,4783.830078,0.001778046,0.000750976,0.18204727241874677
1/16/2024,182.53407287597656,4765.97998,-0.012317145,-0.00373134,0.17168939839950598
1/17/2024,181.58975219726562,4739.209961,-0.005173394,-0.005616897,0.17105750816371737
1/18/2024,187.50424194335938,4780.939941,0.032570614115210006,0.008805261,0.21251943894310665
1/19/2024,190.41676330566406,4839.810059,0.015533095849556755,0.012313502764936146,0.21961192168385765
1/22/2024,192.73284912109375,4850.430176,0.012163245,0.002194325,0.22331694650539075
1/23/2024,194.0151367,4864.600098,0.006653187,0.002921374,0.22155098132682424
1/24/2024,193.33920288085938,4868.549805,-0.003483923,0.000811928,0.22189652738653226
1/25/2024,193.0111846923828,4894.160156,-0.001696594,0.005260366,0.22107225849963952
1/26/2024,191.2716064453125,4890.970215,-0.009012836,-0.000651785,0.22317716115357197
1/29/2024,190.58575439453125,4927.930176,-0.003585749,0.007556775,0.22349541570342013
1/30/2024,186.91775512695312,4924.970215,-0.019245926,-0.00060065,0.23267827820695675
1/31/2024,183.2994842529297,4845.649902,-0.019357556,-0.016105745,0.24067436155011754
2/1/2024,185.74481201171875,4906.189941,0.013340615,0.012493688211609788,0.21210209288987722
2/2/2024,184.74082946777344,4958.609863,-0.005405171,0.010684446,0.21124774003943259
2/5/2024,186.55990600585938,4942.810059,0.009846641,-0.003186338,0.20791422387394168
2/6/2024,188.17025756835938,4954.22998,0.00863182,0.002310411,0.20825045214591284
2/7/2024,188.27960205078125,4995.060059,0.000581093,0.008241458,0.1922649926412927
2/8/2024,187.19610595703125,4997.910156,-0.005754718,0.000570583,0.1933996740729037
2/9/2024,187.9624786376953,5026.609863,0.004093956,0.005742342,0.19298421252106496
2/12/2024,186.27044677734375,5021.839844,-0.009001966,-0.000948954,0.19552630299011103
2/13/2024,184.1703643798828,4953.169922,-0.011274372,-0.013674256,0.19966181991738488
2/14/2024,183.28456115722656,5000.620117,-0.004809695,0.009579763,0.19551982955109826
2/15/2024,182.9959259033203,5029.72998,-0.001574793,0.005821251,0.19465358714595343
2/16/2024,181.45318603515625,5005.569824,-0.00843046,-0.00480347,0.1576814105600076
2/20/2024,180.7067108154297,4975.509766,-0.004113872,-0.006005322,0.14510506809955212
2/21/2024,181.4631805419922,4981.799805,0.004186174,0.0012642,0.13741041367952442
2/22/2024,183.50352478027344,5087.029785,0.011243847000736773,0.021122884,0.14223741940545434
2/23/2024,181.66221618652344,5088.799805,-0.010034187,0.000347948,0.14453547806178385
2/26/2024,180.30860900878906,5069.529785,-0.007451231,-0.003786751,0.14529318273861092
2/27/2024,181.77169799804688,5078.180176,0.00811436,0.00170635,0.14872752316599863
2/28/2024,180.56739807128906,5069.759766,-0.006625343,-0.001658155,0.14940892259023245
2/29/2024,179.90054321289062,5096.27002,-0.003693108,0.005229095,0.1366475509300782
3/1/2024,178.8156738,5137.080078,-0.006030384,0.008007829,0.12207502816744568
3/4/2024,174.27711486816406,5130.950195,-0.025381214,-0.001193262,0.1369473376113105
3/5/2024,169.32049560546875,5078.649902,-0.028441022,-0.010193101,0.16285525205182208
3/6/2024,168.32518005371094,5104.759766,-0.005878293,0.005141103,0.15480933119194512
3/7/2024,168.20574951171875,5157.359863,-0.000709523,0.010304127925951478,0.14778947113516036
3/8/2024,169.92762756347656,5123.689941,0.010236737190947531,-0.006528519,0.15616610800108613
3/11/2024,171.93814086914062,5117.939941,0.011831585802096978,-0.001122238,0.16639485960707678
3/12/2024,172.41586303710938,5175.27002,0.002778454,0.011201787981366396,0.16565054132657797
3/13/2024,170.3257598876953,5165.310059,-0.012122453,-0.00192453,0.16717154090305436
3/14/2024,172.1869659423828,5150.47998,0.010927331578703514,-0.002871092,0.17292413459250688
3/15/2024,171.80873107910156,5117.089844,-0.002196652,-0.006482917,0.17284345906604573
3/18/2024,172.90357971191406,5149.419922,0.006372485,0.00631806,0.17584559190715052
3/19/2024,175.2524871826172,5178.509766,0.013585071371088997,0.00564915,0.183097691
3/20/2024,177.83030700683594,5224.620117,0.014709176832010451,0.008904174,0.1912577547854972
3/21/2024,170.56460571289062,5241.529785,-0.040857497,0.003236535,0.23534443337171826
3/22/2024,171.47035217285156,5234.180176,0.005310284,-0.001402188,0.23174062908081913
3/25/2024,170.0470733642578,5218.189941,-0.008300437,-0.003054964,0.23116612920823978
3/26/2024,168.9124298095703,5203.580078,-0.006672526,-0.002799795,0.23099453573331738
3/27/2024,172.49549865722656,5248.490234,0.021212582,0.008630627,0.2430771209053142
3/28/2024,170.67408752441406,5254.350098,-0.010559181,0.001116486,0.2443219318537062
4/1/2024,169.23092651367188,5243.77002,-0.008455654,-0.002013585,0.2451544453464389
4/2/2024,168.0465087890625,5205.810059,-0.006998826,-0.007239059,0.24533849651853104
4/3/2024,168.85269165039062,5211.490234,0.004797379,0.001091122,0.23232787148703749
4/4/2024,168.0266113,5147.209961,-0.004892314,-0.012334336,0.2111509659234726
4/5/2024,168.78305053710938,5204.339844,0.004501901,0.011099194174331695,0.2107447111739889
4/8/2024,167.65835571289062,5202.390137,-0.006663553,-0.000374631,0.21207860306968035
4/9/2024,168.87261962890625,5209.910156,0.00724249,0.001445493,0.21049293289202495
4/10/2024,166.99148559570312,5160.640137,-0.011139367,-0.009456981,0.2089680590523207
4/11/2024,174.2173614501953,5199.060059,0.043270924,0.007444798,0.2598286387931103
4/12/2024,175.72027587890625,5123.410156,0.008626663,-0.014550688,0.2569303651816889
4/15/2024,171.878418,5061.819824,-0.021863487,-0.012021355,0.2668656826127851
4/16/2024,168.5839844,5051.410156,-0.019167232,-0.002056507,0.2750157844170135
4/17/2024,167.2104492,5022.209961,-0.008147483,-0.005780603,0.27487117937074246
4/18/2024,166.2549591064453,5011.120117,-0.005714297,-0.00220816,0.26965028823983306
4/19/2024,164.22454833984375,4967.22998,-0.012212633,-0.008758548,0.2642384779753358
4/22/2024,165.0606231689453,5010.600098,0.005091047,0.008731248,0.22820230539712422
4/23/2024,166.11561584472656,5070.549805,0.006391547,0.011964576270872662,0.22863703308376968
4/24/2024,168.22567749023438,5071.629883,0.012702367774262369,0.00021301,0.23221212369666877
4/25/2024,169.09156799316406,5048.419922,0.005147196,-0.00457643,0.2318063102939927
4/26/2024,168.5043487548828,5099.959961,-0.003472788,0.010209143,0.21896287686249788
4/29/2024,172.6846160888672,5116.169922,0.024808067951203272,0.003178449,0.23336035237291694
4/30/2024,169.52951049804688,5035.689941,-0.018270913,-0.015730514,0.24055714097940872
5/1/2024,168.5043487548828,5018.390137,-0.006047099,-0.003435439,0.24022102511835194
5/2/2024,172.21682739257812,5064.200195,0.022031946,0.009128437,0.25149729877967386
5/3/2024,182.51817321777344,5127.790039,0.059816139811429636,0.012556739721478527,0.3221704748161036
5/6/2024,180.85604858398438,5180.740234,-0.009106625,0.010326124,0.3254103108443836
5/7/2024,181.54278564453125,5187.700195,0.003797147,0.00134343,0.32330789929603504
5/8/2024,181.8811798095703,5187.669922,0.001863991,-5.84E-06,0.3231628985138757
5/9/2024,183.70260620117188,5214.080078,0.010014375,0.005090948,0.31917964331447046
5/10/2024,182.4368438720703,5222.680176,-0.00689028,0.001649399,0.28873005781519084
5/13/2024,185.65602111816406,5221.419922,0.017645433771870778,-0.000241304,0.2928602149828587
5/14/2024,186.8021697998047,5246.680176,0.006173507,0.004837813,0.2789038157975271
5/15/2024,189.0845184326172,5308.149902,0.012217998512857209,0.011715927882596233,0.2668186362481468
5/16/2024,189.2041016,5297.100098,0.000632432,-0.002081668,0.26281748325828835
5/17/2024,189.23399353027344,5303.27002,0.000157988,0.001164774,0.2602863333969281
5/20/2024,190.40008544921875,5308.129883,0.006162169,0.00091639,0.25144419898271736
5/21/2024,191.70570373535156,5321.410156,0.006857236,0.002501874,0.2513333676619953
5/22/2024,190.2605438232422,5307.009766,-0.007538429,-0.002706123,0.2565243122318724
5/23/2024,186.25401306152344,5267.839844,-0.021058127,-0.007380789,0.2725700350880627
5/24/2024,189.3436279296875,5304.720215,0.016588179,0.007001043,0.2755148282175089
5/28/2024,189.3535919189453,5306.040039,5.262384251714103e-05,0.000248802,0.27432951749004886
5/29/2024,189.6525879,5266.950195,0.001579035,-0.007367047,0.2656166602686547
5/30/2024,190.6492462158203,5235.47998,0.005255179,-0.005975036,0.25225486910599615
5/31/2024,191.60601806640625,5277.509766,0.005018493,0.008027876,0.24863521613812772
6/3/2024,193.38006591796875,5283.399902,0.009258832,0.001116083,0.24227604338616085
6/4/2024,193.69900512695312,5291.339844,0.001649287,0.001502809,0.141034159
6/5/2024,195.21389770507812,5354.029785,0.007820859,0.011847649793331305,0.13497771106450293
6/6/2024,193.82855224609375,5352.959961,-0.007096551,-0.000199817,0.14003787557395464
6/7/2024,196.2304688,5346.990234,0.012391964321420756,-0.00111522,0.14351576311021816
6/10/2024,192.47311401367188,5360.790039,-0.019147662,0.002580855,0.16165787889125763
6/11/2024,206.4561004638672,5375.319824,0.072649037,0.002710381,0.28928322183154104
6/12/2024,212.35629272460938,5421.029785,0.028578435064333663,0.008503673,0.2971715767142665
6/13/2024,213.5223846435547,5433.740234,0.005491205,0.002344656,0.29719276588050614
6/14/2024,211.7782440185547,5431.600098,-0.008168421,-0.000393861,0.3006629653654799
6/17/2024,215.94422912597656,5473.22998,0.01967145,0.007664387,0.3039330934434452
6/18/2024,213.5721893310547,5487.029785,-0.010984502,0.002521327,0.3092597440471223
6/20/2024,208.97764587402344,5473.169922,-0.021512836,-0.002525932,0.3235539486150113
6/21/2024,206.79498291015625,5464.620117,-0.010444481,-0.00156213,0.3275833778940204
6/24/2024,207.4427947998047,5447.870117,0.003132629,-0.003065172,0.3250000856078501
6/25/2024,208.36968994140625,5469.299805,0.004468196,0.00393359,0.31163955609652233
6/26/2024,212.5356903076172,5477.899902,0.019993313,0.001572431,0.31337956753042584
6/27/2024,213.38284301757812,5482.870117,0.003985932,0.000907321,0.31278242799247274
6/28/2024,209.9144744873047,5460.47998,-0.016254205,-0.004083653,0.32184518847341703
7/1/2024,216.02395629882812,5475.089844,0.029104624,0.002675564,0.332477971
7/2/2024,219.53216552734375,5509.009766,0.016239908,0.006195318,0.33425520326207514
7/3/2024,220.80787658691406,5537.02002,0.005811044,0.005084444,0.3341367850417615
7/5/2024,225.5818328857422,5567.189941,0.021620408,0.005448765,0.3375962661106309
7/8/2024,227.0568848,5572.850098,0.006538877,0.001016699,0.3376097817694626
7/9/2024,227.9139862060547,5576.97998,0.003774831,0.000741072,0.33379399421910216
7/10/2024,232.1995849609375,5633.910156,0.018803579482867816,0.010208065293514812,0.33560321117764597
7/11/2024,226.80772399902344,5584.540039,-0.023220804,-0.008763029,0.34006069937027533
7/12/2024,229.76776123046875,5615.350098,0.013050866078344159,0.005517027,0.24751019389597223
7/15/2024,233.61483764648438,5631.220215,0.016743325501425765,0.002826203,0.23659343998277776
7/16/2024,234.03343200683594,5667.200195,0.001791814,0.006389375,0.2367765320028502
7/17/2024,228.1133270263672,5588.27002,-0.02529598,-0.013927543,0.25503716285363337
7/18/2024,223.42906188964844,5544.589844,-0.020534816,-0.007816404,0.26120362799989466
7/19/2024,223.55862426757812,5505,0.000579881,-0.007140266,0.2571384420799947
7/22/2024,223.20982360839844,5564.410156,-0.00156022,0.010792036,0.24273937438590246
7/23/2024,224.25628662109375,5555.740234,0.004688248,-0.001558103,0.23758503658122795
7/24/2024,217.80796813964844,5427.129883,-0.028754237,-0.023149094,0.26329505216614635
7/25/2024,216.76148986816406,5399.220215,-0.004804591,-0.00514262,0.26435938677315785
7/26/2024,217.22991943359375,5459.100098,0.002161037,0.011090468702846357,0.25616890713160073
7/29/2024,217.50897216796875,5463.540039,0.001284596,0.00081331,0.25596495674867104
7/30/2024,218.0670928955078,5436.439941,0.002565966,-0.004960172,0.24812894529190688
7/31/2024,221.3361053466797,5522.299805,0.014990856,0.015793399,0.23301121807149341
8/1/2024,217.62855529785156,5446.680176,-0.016750769,-0.013693503,0.23431101239587138
8/2/2024,219.12355041503906,5346.560059,0.006869481,-0.018381861,0.23468780514047177
8/5/2024,208.56903076171875,5186.330078,-0.04816698,-0.029968798,0.2739381476315678
8/6/2024,206.53585815429688,5240.029785,-0.0097482,0.010354085880061037,0.27215974992493713
8/7/2024,209.11717224121094,5199.5,0.012498140080768216,-0.007734648,0.27707769601345966
8/8/2024,212.59548950195312,5319.310059,0.016633341,0.023042611519136447,0.27492643223030583
8/9/2024,215.51568603515625,5344.160156,0.013735928923253482,0.004671677,0.2722444540413136
8/12/2024,217.0522918701172,5344.390137,0.007129903,4.303397765514916e-05,0.26879217462584476
8/13/2024,220.78407287597656,5434.430176,0.017193004384825628,0.016847579753558328,0.2692034585167183
8/14/2024,221.23309326171875,5455.209961,0.002033754,0.003823728,0.26925389432460894
8/15/2024,224.22650146484375,5543.220215,0.013530562534709967,0.016133247764330783,0.2613779651466593
8/16/2024,225.5535888671875,5554.25,0.005918513,0.001989779,0.2519616954593709
8/19/2024,225.39393615722656,5608.25,-0.000707826,0.009722285,0.25200072135997115
8/20/2024,226.0125732421875,5597.120117,0.002744693,-0.001984555,0.25199604741880144
8/21/2024,225.90280151367188,5620.850098,-0.000485689,0.004239677,0.2516056188109158
8/22/2024,224.03692626953125,5570.640137,-0.008259637,-0.008932806,0.23076488120537567
8/23/2024,226.3418426513672,5634.609863,0.010288109287229563,0.011483371,0.2315352651411778
8/26/2024,226.68109130859375,5616.839844,0.001498833,-0.003153727,0.23154676064154794
8/27/2024,227.5292205810547,5625.799805,0.003741509,0.001595196,0.2315897247322737
8/28/2024,225.99261474609375,5592.180176,-0.006753444,-0.005975973,0.233670392
8/29/2024,229.28536987304688,5591.959961,0.014570189077428797,-3.94E-05,0.23337568322875019
8/30/2024,228.49710083007812,5648.399902,-0.003437939,0.010093051774424433,0.22443727731096172
9/3/2024,222.28077697753906,5528.930176,-0.027205264,-0.021151074,0.24593639273724818
9/4/2024,220.36500549316406,5520.069824,-0.008618701,-0.001602544,0.17451217951856085
9/5/2024,221.89163208007812,5503.410156,0.006927718,-0.003018018,0.16902188753461633
9/6/2024,220.3350830078125,5408.419922,-0.007014907,-0.01726025,0.1694124701901044
9/9/2024,220.42486572265625,5471.049805,0.000407483,0.01158007,0.16155390964311567
9/10/2024,219.6266326904297,5495.52002,-0.003621338,0.004472673,0.1564685873465612
9/11/2024,222.1710205078125,5554.129883,0.01158506,0.010665025888896507,0.15942018164652855
9/12/2024,222.28077697753906,5595.759766,0.000494018,0.007495302,0.14836994546219767
9/13/2024,222.01138305664062,5626.02002,-0.001211953,0.005407711,0.14833560450196792
9/16/2024,215.84495544433594,5633.089844,-0.027775277,0.00125663,0.1691480394670952
9/17/2024,216.31390380859375,5634.580078,0.002172617,0.00026455,0.16749571106235672
9/18/2024,220.20535278320312,5618.259766,0.017989823613246525,-0.002896456,0.18118735972338793
9/19/2024,228.3673858642578,5713.640137,0.037065552575783034,0.016976853,0.2241480621537098
9/20/2024,227.6988525390625,5702.549805,-0.002927447,-0.001941027,0.22445487778723308
9/23/2024,225.9726563,5718.569824,-0.00758105,0.002809273,0.22413433665711202
9/24/2024,226.8706817626953,5732.930176,0.003974045,0.002511179,0.22171578559713018
9/25/2024,225.8728790283203,5722.259766,-0.004398112,-0.001861249,0.222222252
9/26/2024,227.02035522460938,5745.370117,0.005080186,0.004038676,0.22256021851243465
9/27/2024,227.2897491455078,5738.169922,0.001186651,-0.001253217,0.2212260128490951
9/30/2024,232.4883270263672,5762.47998,0.022872029646754166,0.004236553,0.22965157948656198
10/1/2024,225.71324157714844,5708.75,-0.029141616,-0.009324107,0.25176822000523075
10/2/2024,226.2819824,5709.540039,0.00251975,0.000138391,0.23229063857153787
10/3/2024,225.17440795898438,5699.939941,-0.004894665,-0.001681413,0.230710265
10/4/2024,226.30194091796875,5751.069824,0.005007376,0.008970249,0.23019744301181136
10/7/2024,221.20315551757812,5695.939941,-0.022530896,-0.009586022,0.24295748967841754
10/8/2024,225.27420043945312,5751.129883,0.018404099671857965,0.009689347,0.25092673231516877
10/9/2024,229.03591918945312,5792.040039,0.016698400183695394,0.007113412,0.2558765893534415
10/10/2024,228.53701782226562,5780.049805,-0.002178267,-0.002070123,0.25389818777042883
10/11/2024,227.050293,5815.029785,-0.006505401,0.006051848,0.2553898300176017
10/14/2024,230.79205322265625,5859.850098,0.016479874,0.007707667,0.26064116516843916
10/15/2024,233.33645629882812,5815.259766,0.011024656354684748,-0.007609466,0.23855495647801062
10/16/2024,231.2709961,5842.470215,-0.008851854,0.004679146,0.2425405048403726
10/17/2024,231.6401824951172,5841.470215,0.001596337,-0.00017116,0.2366054081941393
10/18/2024,234.48391723632812,5864.669922,0.012276517444337998,0.003971553,0.20439037631502116
10/21/2024,235.96067810058594,5853.97998,0.00629792,-0.001822769,0.20446258120848051
10/22/2024,235.342041,5851.200195,-0.00262178,-0.000474854,0.20231277115645388
10/23/2024,230.25323486328125,5797.419922,-0.021623022,-0.009191323,0.21801076709094003
10/24/2024,230.0636749267578,5809.859863,-0.000823267,0.002145772,0.2172883059506331
10/25/2024,230.9018096923828,5808.120117,0.003643056,-0.000299447,0.21700223872643623
10/28/2024,232.88743591308594,5823.52002,0.00859944,0.002651444,0.2186400743958487
10/29/2024,233.15684509277344,5832.919922,0.001156821,0.001614127,0.2040342468490935
10/30/2024,229.5946807861328,5813.669922,-0.015277974,-0.003300234,0.18352094017820422
10/31/2024,225.4138946533203,5705.450195,-0.018209421,-0.018614701,0.1948786584977042
11/1/2024,222.42047119140625,5728.799805,-0.013279676,0.00409251,0.19958001198413486
11/4/2024,221.52244567871094,5712.689941,-0.004037513,-0.002812083,0.19888751236590577
11/5/2024,222.95928955078125,5782.759766,0.006486223,0.012265644545291332,0.18404614716961554
11/6/2024,222.23089599609375,5929.040039,-0.003266935,0.025295927786425976,0.17233284
11/7/2024,226.98043823242188,5973.100098,0.021372105867816016,0.00743123,0.17887721430818315
11/8/2024,226.7107391357422,5995.540039,-0.001188204,0.003756833,0.17878386926910564
11/11/2024,223.98373413085938,6001.350098,-0.012028566,0.000969063,0.1821824105174213
11/12/2024,223.98373413085938,5983.990234,0,-0.00289266,0.17135559061147193
11/13/2024,224.8727569580078,5985.379883,0.00396914,0.000232228,0.16660273217851132
11/14/2024,227.9693603515625,5949.169922,0.013770469288696185,-0.006049735,0.17269499491435933
11/15/2024,224.7528839111328,5870.620117,-0.014109249,-0.01320349,0.17861464217311324
11/18/2024,227.7695770263672,5893.620117,0.013422266547766126,0.003917814,0.17975852660555103
11/19/2024,228.02928161621094,5916.97998,0.001140208,0.003963585,0.17788210526926154
11/20/2024,228.7484893798828,5917.109863,0.003154015,2.195086225209586e-05,0.1785744382971325
11/21/2024,228.26902770996094,5948.709961,-0.002096021,0.005340462,0.16266509251054007
11/22/2024,229.61753845214844,5969.339844,0.00590755,0.003467959,0.1640894552534226
11/25/2024,232.61424255371094,5987.370117,0.013050850217118715,0.00302048,0.1698851330160259
11/26/2024,234.8018341064453,6021.629883,0.009404375,0.005722006,0.17039637021222975
11/27/2024,234.67198181152344,5998.740234,-0.000553029,-0.003801238,0.17040928853404516
11/29/2024,237.06935119628906,6032.379883,0.010215831332992531,0.005607785,0.16367606299633494
12/2/2024,239.3268585205078,6047.149902,0.009522561,0.002448456,0.1489654342933347
12/3/2024,242.3834991455078,6049.879883,0.012771824457546543,0.000451449,0.14040765600071445
12/4/2024,242.74310302734375,6086.490234,0.001483615,0.006051418,0.13763197144387682
12/5/2024,242.7730712890625,6075.109863,0.000123457,-0.001869776,0.13818136712763712
12/6/2024,242.5732879638672,6090.27002,-0.000822922,0.002495454,0.13679234053509626
12/9/2024,246.4790039,6052.850098,0.016101179050533432,-0.006144214,0.1294858045713566
12/10/2024,247.4978790283203,6034.910156,0.00413372,-0.002963883,0.12812299903134916
12/11/2024,246.2192840576172,6084.189941,-0.005166085,0.008165786,0.11904273306676426
12/12/2024,247.68768310546875,6051.25,0.005963786,-0.005414023,0.11796215063229798
12/13/2024,247.85748291015625,6051.089844,0.00068554,-2.65E-05,0.11880875125587703
12/16/2024,250.7642822265625,6074.080078,0.011727704494844282,0.003799354,0.11703506419222702
12/17/2024,253.20159912109375,6050.609863,0.009719554,-0.003863995,0.096393552
12/18/2024,247.77757263183594,5872.160156,-0.02142177,-0.029492846,0.1307220517240242
12/19/2024,249.51565551757812,5867.080078,0.00701469,-0.000865112,0.13065849045418446
12/20/2024,254.21051025390625,5930.850098,0.018815872401230394,0.010869123768910471,0.13982564165182768
12/23/2024,254.98965454101562,5974.069824,0.003064957,0.007287273,0.137615967
12/24/2024,257.91644287109375,6040.040039,0.011478066964506484,0.011042759,0.13925819644314572
12/26/2024,258.7355041503906,6037.589844,0.003175685,-0.000405659,0.13676807029256635
12/27/2024,255.30929565429688,5970.839844,-0.013242127,-0.011055736,0.14970839703106836
12/30/2024,251.9230194091797,5906.939941,-0.013263427,-0.010701996,0.16069125936384254
12/31/2024,250.1449737548828,5881.629883,-0.007057893,-0.0042848,0.1626329409521321
1/2/2025,243.5821990966797,5868.549805,-0.026235885,-0.002223887,0.18858522448452003
1/3/2025,243.0927276611328,5942.470215,-0.002009471,0.012596027,0.18375733983195547
1/6/2025,244.73092651367188,5975.379883,0.006738987,0.005538045,0.18511551224921305
1/7/2025,241.94400024414062,5909.029785,-0.011387716,-0.011103913,0.18961429
1/8/2025,242.43344116210938,5918.25,0.002022951,0.00156036,0.18973280677381854
1/10/2025,236.58987426757812,5827.040039,-0.024103799,-0.015411644,0.19779806150766846
1/13/2025,234.14256286621094,5836.220215,-0.010344109,0.001575444,0.19861426622122763
1/14/2025,233.02378845214844,5842.910156,-0.004778176,0.00114628,0.1985547461134535
1/15/2025,237.60874938964844,5949.910156,0.019675935,0.018312792279639112,0.21123518505275232
1/16/2025,228.00930786132812,5937.339844,-0.040400202,-0.002112689,0.2494162215625277
1/17/2025,229.7274169921875,5996.660156,0.007535259,0.009991059,0.24652341147276285
1/21/2025,222.39547729492188,6049.240234,-0.031915824,0.008768227,0.25909658662685675
1/22/2025,223.58416748046875,6086.370117,0.005344939,0.006137942,0.2556300162646959
1/23/2025,223.41436767578125,6118.709961,-0.000759445,0.005313486,0.25251934694426587
1/24/2025,222.5353240966797,6101.240234,-0.003934588,-0.002855132,0.23717268924223964
1/27/2025,229.6075439453125,6012.279785,0.031780212,-0.014580716,0.26991994034980277
1/28/2025,237.99832153320312,6067.700195,0.036543998,0.009217869,0.3011728753697469
1/29/2025,239.0971221923828,6039.310059,0.004616842,-0.004678896,0.30162535130805357
1/30/2025,237.3290557861328,6071.169922,-0.007394762,0.005275414,0.2999405909744883
1/31/2025,235.74081420898438,6040.529785,-0.00669215,-0.005046826,0.2980483839259316
2/3/2025,227.75958251953125,5994.569824,-0.03385596,-0.007608598,0.31654178113937137
2/4/2025,232.54432678222656,6037.879883,0.021007872466946687,0.007224882,0.3175286003437769
2/5/2025,232.21469116210938,6061.47998,-0.001417517,0.003908673,0.31753534497353175
2/6/2025,232.9638672,6083.569824,0.003226221,0.003644299,0.31655074066918254
2/7/2025,227.3800048828125,6025.990234,-0.023968791,-0.00946477,0.32408535745157385
2/10/2025,227.64999389648438,6066.439941,0.001187391,0.006712541,0.32394310577764873
2/11/2025,232.6199951171875,6068.5,0.021831765227118938,0.000339583,0.32494741833934526
2/12/2025,236.8699951171875,6051.970215,0.018270140526221557,-0.002723867,0.32923193849688825
2/13/2025,241.52999877929688,6115.069824,0.019673254,0.010426292122230674,0.3348989624802529
2/14/2025,244.60000610351562,6114.629883,0.012710666748373622,-7.19E-05,0.3310939103236152
2/18/2025,244.47000122070312,6129.580078,-0.0005315,0.002444988,0.29412612974880076
2/19/2025,244.8699951171875,6144.149902,0.001636168,0.002376969,0.2938131868037456
2/20/2025,245.8300018310547,6117.52002,0.003920475,-0.004334185,0.26460919292562046
2/21/2025,245.5500030517578,6013.129883,-0.001138994,-0.017064127,0.2654281782668521
2/24/2025,247.10000610351562,5983.25,0.006312372,-0.004969107,0.26475686
2/25/2025,247.0399932861328,5955.25,-0.000242869,-0.004679731,0.2635031966519363
2/26/2025,240.36000061035156,5956.060059,-0.027040127,0.000136024,0.26726584763976446
2/27/2025,237.3000030517578,5861.569824,-0.012730893,-0.015864554,0.24096984875725574
2/28/2025,241.83999633789062,5954.5,0.019131872009047424,0.015854145,0.2495881606367816
3/3/2025,238.02999877929688,5849.720215,-0.015754208,-0.017596739,0.25461728464476235
3/4/2025,235.92999267578125,5778.149902,-0.008822443,-0.012234827,0.2554561148621212
3/5/2025,235.74000549316406,5842.629883,-0.000805269,0.011159277893187936,0.2236807968652559
3/6/2025,235.3300018310547,5738.52002,-0.00173922,-0.017819007,0.21259138689195506
3/7/2025,239.07000732421875,5770.200195,0.015892599600832114,0.005520618,0.21883254443632177
3/10/2025,227.47999572753906,5614.560059,-0.048479572,-0.026973091,0.27873004909915916
3/11/2025,220.83999633789062,5572.069824,-0.029189377,-0.007567865,0.28467736122727466
3/12/2025,216.97999572753906,5599.299805,-0.017478721,0.00488687,0.28997143972292727
3/13/2025,209.67999267578125,5521.52002,-0.033643669,-0.013890984,0.2958479729956792
3/14/2025,213.49000549316406,5638.939941,0.018170607,0.021265869083087807,0.29575051363550064
3/17/2025,214,5675.120117,0.002388845,0.006416131,0.2835615223554972
3/18/2025,212.69000244140625,5614.660156,-0.006121484,-0.010653512,0.27563927
3/19/2025,215.24000549316406,5675.290039,0.011989294383784266,0.010798495567894584,0.28237905562609494
3/20/2025,214.10000610351562,5662.890137,-0.00529641,-0.002184893,0.28106827578129495
3/21/2025,218.27000427246094,5667.560059,0.019476870855058115,0.000824653,0.29305245531337515
3/24/2025,220.72999572753906,5767.569824,0.011270405492856295,0.017646000146633645,0.2984723992675157
3/25/2025,223.75,5776.649902,0.013681893403326706,0.001574333,0.30301500721912117
3/26/2025,221.52999877929688,5712.200195,-0.009921793,-0.011156935,0.3031404678036445
3/27/2025,223.85000610351562,5693.310059,0.010472655337889991,-0.003306981,0.29655786333369344
3/28/2025,217.89999389648438,5580.939941,-0.026580353,-0.019737221,0.3058912884271426
